empNo,empName,empDob,joinDate,salary,departmentId,skills,
5,Bhone,1/1/2000,2/1/2021,110.5,1,"[{""id"":1","Name:""php""}]"
6,Bhone,1/1/2000,2/1/2021,110.5,1,"[{""id"":1","Name:""php""}]"
7,Bhone,1/1/2000,2/1/2021,110.5,1,"[{""id"":1","Name:""php""}]"
8,Bhone,1/1/2000,2/1/2021,110.5,1,"[{""id"":1","Name:""php""}]"
9,Bhone,1/1/2000,2/1/2021,110.5,1,"[{""id"":1","Name:""php""}]"
10,Bhone,1/1/2000,2/1/2021,110.5,1,"[{""id"":1","Name:""php""}]"
11,Bhone,1/1/2000,2/1/2021,110.5,1,"[{""id"":1","Name:""php""}]"
12,Bhone,1/1/2000,2/1/2021,110.5,1,"[{""id"":1","Name:""php""}]"
13,Bhone,1/1/2000,2/1/2021,110.5,1,"[{""id"":1","Name:""php""}]"
14,Bhone,1/1/2000,2/1/2021,110.5,1,"[{""id"":1","Name:""php""}]"
15,Bhone,1/1/2000,2/1/2021,110.5,1,"[{""id"":1","Name:""php""}]"
16,Bhone,1/1/2000,2/1/2021,110.5,1,"[{""id"":1","Name:""php""}]"
17,Bhone,1/1/2000,2/1/2021,110.5,1,"[{""id"":1","Name:""php""}]"
18,Bhone,1/1/2000,2/1/2021,110.5,1,"[{""id"":1","Name:""php""}]"
19,Bhone,1/1/2000,2/1/2021,110.5,1,"[{""id"":1","Name:""php""}]"
20,Bhone,1/1/2000,2/1/2021,110.5,1,"[{""id"":1","Name:""php""}]"
21,Bhone,1/1/2000,2/1/2021,110.5,1,"[{""id"":1","Name:""php""}]"
22,Bhone,1/1/2000,2/1/2021,110.5,1,"[{""id"":1","Name:""php""}]"
23,Bhone,1/1/2000,2/1/2021,110.5,1,"[{""id"":1","Name:""php""}]"
24,Bhone,1/1/2000,2/1/2021,110.5,1,"[{""id"":1","Name:""php""}]"
25,Bhone,1/1/2000,2/1/2021,110.5,1,"[{""id"":1","Name:""php""}]"
26,Bhone,1/1/2000,2/1/2021,110.5,1,"[{""id"":1","Name:""php""}]"
27,Bhone,1/1/2000,2/1/2021,110.5,1,"[{""id"":1","Name:""php""}]"
28,Bhone,1/1/2000,2/1/2021,110.5,1,"[{""id"":1","Name:""php""}]"
29,Bhone,1/1/2000,2/1/2021,110.5,1,"[{""id"":1","Name:""php""}]"
30,Bhone,1/1/2000,2/1/2021,110.5,1,"[{""id"":1","Name:""php""}]"
31,Bhone,1/1/2000,2/1/2021,110.5,1,"[{""id"":1","Name:""php""}]"
32,Bhone,1/1/2000,2/1/2021,110.5,1,"[{""id"":1","Name:""php""}]"
33,Bhone,1/1/2000,2/1/2021,110.5,1,"[{""id"":1","Name:""php""}]"
34,Bhone,1/1/2000,2/1/2021,110.5,1,"[{""id"":1","Name:""php""}]"
35,Bhone,1/1/2000,2/1/2021,110.5,1,"[{""id"":1","Name:""php""}]"
36,Bhone,1/1/2000,2/1/2021,110.5,1,"[{""id"":1","Name:""php""}]"
37,Bhone,1/1/2000,2/1/2021,110.5,1,"[{""id"":1","Name:""php""}]"
38,Bhone,1/1/2000,2/1/2021,110.5,1,"[{""id"":1","Name:""php""}]"
39,Bhone,1/1/2000,2/1/2021,110.5,1,"[{""id"":1","Name:""php""}]"
40,Bhone,1/1/2000,2/1/2021,110.5,1,"[{""id"":1","Name:""php""}]"
41,Bhone,1/1/2000,2/1/2021,110.5,1,"[{""id"":1","Name:""php""}]"
42,Bhone,1/1/2000,2/1/2021,110.5,1,"[{""id"":1","Name:""php""}]"
43,Bhone,1/1/2000,2/1/2021,110.5,1,"[{""id"":1","Name:""php""}]"
44,Bhone,1/1/2000,2/1/2021,110.5,1,"[{""id"":1","Name:""php""}]"
45,Bhone,1/1/2000,2/1/2021,110.5,1,"[{""id"":1","Name:""php""}]"
46,Bhone,1/1/2000,2/1/2021,110.5,1,"[{""id"":1","Name:""php""}]"
47,Bhone,1/1/2000,2/1/2021,110.5,1,"[{""id"":1","Name:""php""}]"
48,Bhone,1/1/2000,2/1/2021,110.5,1,"[{""id"":1","Name:""php""}]"
49,Bhone,1/1/2000,2/1/2021,110.5,1,"[{""id"":1","Name:""php""}]"
50,Bhone,1/1/2000,2/1/2021,110.5,1,"[{""id"":1","Name:""php""}]"
51,Bhone,1/1/2000,2/1/2021,110.5,1,"[{""id"":1","Name:""php""}]"
52,Bhone,1/1/2000,2/1/2021,110.5,1,"[{""id"":1","Name:""php""}]"
53,Bhone,1/1/2000,2/1/2021,110.5,1,"[{""id"":1","Name:""php""}]"
54,Bhone,1/1/2000,2/1/2021,110.5,1,"[{""id"":1","Name:""php""}]"
55,Bhone,1/1/2000,2/1/2021,110.5,1,"[{""id"":1","Name:""php""}]"
56,Bhone,1/1/2000,2/1/2021,110.5,1,"[{""id"":1","Name:""php""}]"
57,Bhone,1/1/2000,2/1/2021,110.5,1,"[{""id"":1","Name:""php""}]"
58,Bhone,1/1/2000,2/1/2021,110.5,1,"[{""id"":1","Name:""php""}]"
59,Bhone,1/1/2000,2/1/2021,110.5,1,"[{""id"":1","Name:""php""}]"
60,Bhone,1/1/2000,2/1/2021,110.5,1,"[{""id"":1","Name:""php""}]"
61,Bhone,1/1/2000,2/1/2021,110.5,1,"[{""id"":1","Name:""php""}]"
62,Bhone,1/1/2000,2/1/2021,110.5,1,"[{""id"":1","Name:""php""}]"
63,Bhone,1/1/2000,2/1/2021,110.5,1,"[{""id"":1","Name:""php""}]"
64,Bhone,1/1/2000,2/1/2021,110.5,1,"[{""id"":1","Name:""php""}]"
65,Bhone,1/1/2000,2/1/2021,110.5,1,"[{""id"":1","Name:""php""}]"
66,Bhone,1/1/2000,2/1/2021,110.5,1,"[{""id"":1","Name:""php""}]"
67,Bhone,1/1/2000,2/1/2021,110.5,1,"[{""id"":1","Name:""php""}]"
68,Bhone,1/1/2000,2/1/2021,110.5,1,"[{""id"":1","Name:""php""}]"
69,Bhone,1/1/2000,2/1/2021,110.5,1,"[{""id"":1","Name:""php""}]"
70,Bhone,1/1/2000,2/1/2021,110.5,1,"[{""id"":1","Name:""php""}]"
71,Bhone,1/1/2000,2/1/2021,110.5,1,"[{""id"":1","Name:""php""}]"
72,Bhone,1/1/2000,2/1/2021,110.5,1,"[{""id"":1","Name:""php""}]"
73,Bhone,1/1/2000,2/1/2021,110.5,1,"[{""id"":1","Name:""php""}]"
74,Bhone,1/1/2000,2/1/2021,110.5,1,"[{""id"":1","Name:""php""}]"
75,Bhone,1/1/2000,2/1/2021,110.5,1,"[{""id"":1","Name:""php""}]"
76,Bhone,1/1/2000,2/1/2021,110.5,1,"[{""id"":1","Name:""php""}]"
77,Bhone,1/1/2000,2/1/2021,110.5,1,"[{""id"":1","Name:""php""}]"
78,Bhone,1/1/2000,2/1/2021,110.5,1,"[{""id"":1","Name:""php""}]"
79,Bhone,1/1/2000,2/1/2021,110.5,1,"[{""id"":1","Name:""php""}]"
80,Bhone,1/1/2000,2/1/2021,110.5,1,"[{""id"":1","Name:""php""}]"
81,Bhone,1/1/2000,2/1/2021,110.5,1,"[{""id"":1","Name:""php""}]"
82,Bhone,1/1/2000,2/1/2021,110.5,1,"[{""id"":1","Name:""php""}]"
83,Bhone,1/1/2000,2/1/2021,110.5,1,"[{""id"":1","Name:""php""}]"
84,Bhone,1/1/2000,2/1/2021,110.5,1,"[{""id"":1","Name:""php""}]"
85,Bhone,1/1/2000,2/1/2021,110.5,1,"[{""id"":1","Name:""php""}]"
86,Bhone,1/1/2000,2/1/2021,110.5,1,"[{""id"":1","Name:""php""}]"
87,Bhone,1/1/2000,2/1/2021,110.5,1,"[{""id"":1","Name:""php""}]"
88,Bhone,1/1/2000,2/1/2021,110.5,1,"[{""id"":1","Name:""php""}]"
89,Bhone,1/1/2000,2/1/2021,110.5,1,"[{""id"":1","Name:""php""}]"
90,Bhone,1/1/2000,2/1/2021,110.5,1,"[{""id"":1","Name:""php""}]"
91,Bhone,1/1/2000,2/1/2021,110.5,1,"[{""id"":1","Name:""php""}]"
92,Bhone,1/1/2000,2/1/2021,110.5,1,"[{""id"":1","Name:""php""}]"
93,Bhone,1/1/2000,2/1/2021,110.5,1,"[{""id"":1","Name:""php""}]"
94,Bhone,1/1/2000,2/1/2021,110.5,1,"[{""id"":1","Name:""php""}]"
95,Bhone,1/1/2000,2/1/2021,110.5,1,"[{""id"":1","Name:""php""}]"
96,Bhone,1/1/2000,2/1/2021,110.5,1,"[{""id"":1","Name:""php""}]"
97,Bhone,1/1/2000,2/1/2021,110.5,1,"[{""id"":1","Name:""php""}]"
98,Bhone,1/1/2000,2/1/2021,110.5,1,"[{""id"":1","Name:""php""}]"
99,Bhone,1/1/2000,2/1/2021,110.5,1,"[{""id"":1","Name:""php""}]"
100,Bhone,1/1/2000,2/1/2021,110.5,1,"[{""id"":1","Name:""php""}]"
101,Bhone,1/1/2000,2/1/2021,110.5,1,"[{""id"":1","Name:""php""}]"
102,Bhone,1/1/2000,2/1/2021,110.5,1,"[{""id"":1","Name:""php""}]"
103,Bhone,1/1/2000,2/1/2021,110.5,1,"[{""id"":1","Name:""php""}]"
104,Bhone,1/1/2000,2/1/2021,110.5,1,"[{""id"":1","Name:""php""}]"
105,Bhone,1/1/2000,2/1/2021,110.5,1,"[{""id"":1","Name:""php""}]"
106,Bhone,1/1/2000,2/1/2021,110.5,1,"[{""id"":1","Name:""php""}]"
107,Bhone,1/1/2000,2/1/2021,110.5,1,"[{""id"":1","Name:""php""}]"
108,Bhone,1/1/2000,2/1/2021,110.5,1,"[{""id"":1","Name:""php""}]"
109,Bhone,1/1/2000,2/1/2021,110.5,1,"[{""id"":1","Name:""php""}]"
110,Bhone,1/1/2000,2/1/2021,110.5,1,"[{""id"":1","Name:""php""}]"
111,Bhone,1/1/2000,2/1/2021,110.5,1,"[{""id"":1","Name:""php""}]"
112,Bhone,1/1/2000,2/1/2021,110.5,1,"[{""id"":1","Name:""php""}]"
113,Bhone,1/1/2000,2/1/2021,110.5,1,"[{""id"":1","Name:""php""}]"
114,Bhone,1/1/2000,2/1/2021,110.5,1,"[{""id"":1","Name:""php""}]"
115,Bhone,1/1/2000,2/1/2021,110.5,1,"[{""id"":1","Name:""php""}]"
116,Bhone,1/1/2000,2/1/2021,110.5,1,"[{""id"":1","Name:""php""}]"
117,Bhone,1/1/2000,2/1/2021,110.5,1,"[{""id"":1","Name:""php""}]"
118,Bhone,1/1/2000,2/1/2021,110.5,1,"[{""id"":1","Name:""php""}]"
119,Bhone,1/1/2000,2/1/2021,110.5,1,"[{""id"":1","Name:""php""}]"
120,Bhone,1/1/2000,2/1/2021,110.5,1,"[{""id"":1","Name:""php""}]"
121,Bhone,1/1/2000,2/1/2021,110.5,1,"[{""id"":1","Name:""php""}]"
122,Bhone,1/1/2000,2/1/2021,110.5,1,"[{""id"":1","Name:""php""}]"
123,Bhone,1/1/2000,2/1/2021,110.5,1,"[{""id"":1","Name:""php""}]"
124,Bhone,1/1/2000,2/1/2021,110.5,1,"[{""id"":1","Name:""php""}]"
125,Bhone,1/1/2000,2/1/2021,110.5,1,"[{""id"":1","Name:""php""}]"
126,Bhone,1/1/2000,2/1/2021,110.5,1,"[{""id"":1","Name:""php""}]"
127,Bhone,1/1/2000,2/1/2021,110.5,1,"[{""id"":1","Name:""php""}]"
128,Bhone,1/1/2000,2/1/2021,110.5,1,"[{""id"":1","Name:""php""}]"
129,Bhone,1/1/2000,2/1/2021,110.5,1,"[{""id"":1","Name:""php""}]"
130,Bhone,1/1/2000,2/1/2021,110.5,1,"[{""id"":1","Name:""php""}]"
131,Bhone,1/1/2000,2/1/2021,110.5,1,"[{""id"":1","Name:""php""}]"
132,Bhone,1/1/2000,2/1/2021,110.5,1,"[{""id"":1","Name:""php""}]"
133,Bhone,1/1/2000,2/1/2021,110.5,1,"[{""id"":1","Name:""php""}]"
134,Bhone,1/1/2000,2/1/2021,110.5,1,"[{""id"":1","Name:""php""}]"
135,Bhone,1/1/2000,2/1/2021,110.5,1,"[{""id"":1","Name:""php""}]"
136,Bhone,1/1/2000,2/1/2021,110.5,1,"[{""id"":1","Name:""php""}]"
137,Bhone,1/1/2000,2/1/2021,110.5,1,"[{""id"":1","Name:""php""}]"
138,Bhone,1/1/2000,2/1/2021,110.5,1,"[{""id"":1","Name:""php""}]"
139,Bhone,1/1/2000,2/1/2021,110.5,1,"[{""id"":1","Name:""php""}]"
140,Bhone,1/1/2000,2/1/2021,110.5,1,"[{""id"":1","Name:""php""}]"
141,Bhone,1/1/2000,2/1/2021,110.5,1,"[{""id"":1","Name:""php""}]"
142,Bhone,1/1/2000,2/1/2021,110.5,1,"[{""id"":1","Name:""php""}]"
143,Bhone,1/1/2000,2/1/2021,110.5,1,"[{""id"":1","Name:""php""}]"
144,Bhone,1/1/2000,2/1/2021,110.5,1,"[{""id"":1","Name:""php""}]"
145,Bhone,1/1/2000,2/1/2021,110.5,1,"[{""id"":1","Name:""php""}]"
146,Bhone,1/1/2000,2/1/2021,110.5,1,"[{""id"":1","Name:""php""}]"
147,Bhone,1/1/2000,2/1/2021,110.5,1,"[{""id"":1","Name:""php""}]"
148,Bhone,1/1/2000,2/1/2021,110.5,1,"[{""id"":1","Name:""php""}]"
149,Bhone,1/1/2000,2/1/2021,110.5,1,"[{""id"":1","Name:""php""}]"
150,Bhone,1/1/2000,2/1/2021,110.5,1,"[{""id"":1","Name:""php""}]"
151,Bhone,1/1/2000,2/1/2021,110.5,1,"[{""id"":1","Name:""php""}]"
152,Bhone,1/1/2000,2/1/2021,110.5,1,"[{""id"":1","Name:""php""}]"
153,Bhone,1/1/2000,2/1/2021,110.5,1,"[{""id"":1","Name:""php""}]"
154,Bhone,1/1/2000,2/1/2021,110.5,1,"[{""id"":1","Name:""php""}]"
155,Bhone,1/1/2000,2/1/2021,110.5,1,"[{""id"":1","Name:""php""}]"
156,Bhone,1/1/2000,2/1/2021,110.5,1,"[{""id"":1","Name:""php""}]"
157,Bhone,1/1/2000,2/1/2021,110.5,1,"[{""id"":1","Name:""php""}]"
158,Bhone,1/1/2000,2/1/2021,110.5,1,"[{""id"":1","Name:""php""}]"
159,Bhone,1/1/2000,2/1/2021,110.5,1,"[{""id"":1","Name:""php""}]"
160,Bhone,1/1/2000,2/1/2021,110.5,1,"[{""id"":1","Name:""php""}]"
161,Bhone,1/1/2000,2/1/2021,110.5,1,"[{""id"":1","Name:""php""}]"
162,Bhone,1/1/2000,2/1/2021,110.5,1,"[{""id"":1","Name:""php""}]"
163,Bhone,1/1/2000,2/1/2021,110.5,1,"[{""id"":1","Name:""php""}]"
164,Bhone,1/1/2000,2/1/2021,110.5,1,"[{""id"":1","Name:""php""}]"
165,Bhone,1/1/2000,2/1/2021,110.5,1,"[{""id"":1","Name:""php""}]"
166,Bhone,1/1/2000,2/1/2021,110.5,1,"[{""id"":1","Name:""php""}]"
167,Bhone,1/1/2000,2/1/2021,110.5,1,"[{""id"":1","Name:""php""}]"
168,Bhone,1/1/2000,2/1/2021,110.5,1,"[{""id"":1","Name:""php""}]"
169,Bhone,1/1/2000,2/1/2021,110.5,1,"[{""id"":1","Name:""php""}]"
170,Bhone,1/1/2000,2/1/2021,110.5,1,"[{""id"":1","Name:""php""}]"
171,Bhone,1/1/2000,2/1/2021,110.5,1,"[{""id"":1","Name:""php""}]"
172,Bhone,1/1/2000,2/1/2021,110.5,1,"[{""id"":1","Name:""php""}]"
173,Bhone,1/1/2000,2/1/2021,110.5,1,"[{""id"":1","Name:""php""}]"
174,Bhone,1/1/2000,2/1/2021,110.5,1,"[{""id"":1","Name:""php""}]"
175,Bhone,1/1/2000,2/1/2021,110.5,1,"[{""id"":1","Name:""php""}]"
176,Bhone,1/1/2000,2/1/2021,110.5,1,"[{""id"":1","Name:""php""}]"
177,Bhone,1/1/2000,2/1/2021,110.5,1,"[{""id"":1","Name:""php""}]"
178,Bhone,1/1/2000,2/1/2021,110.5,1,"[{""id"":1","Name:""php""}]"
179,Bhone,1/1/2000,2/1/2021,110.5,1,"[{""id"":1","Name:""php""}]"
180,Bhone,1/1/2000,2/1/2021,110.5,1,"[{""id"":1","Name:""php""}]"
181,Bhone,1/1/2000,2/1/2021,110.5,1,"[{""id"":1","Name:""php""}]"
182,Bhone,1/1/2000,2/1/2021,110.5,1,"[{""id"":1","Name:""php""}]"
183,Bhone,1/1/2000,2/1/2021,110.5,1,"[{""id"":1","Name:""php""}]"
184,Bhone,1/1/2000,2/1/2021,110.5,1,"[{""id"":1","Name:""php""}]"
185,Bhone,1/1/2000,2/1/2021,110.5,1,"[{""id"":1","Name:""php""}]"
186,Bhone,1/1/2000,2/1/2021,110.5,1,"[{""id"":1","Name:""php""}]"
187,Bhone,1/1/2000,2/1/2021,110.5,1,"[{""id"":1","Name:""php""}]"
188,Bhone,1/1/2000,2/1/2021,110.5,1,"[{""id"":1","Name:""php""}]"
189,Bhone,1/1/2000,2/1/2021,110.5,1,"[{""id"":1","Name:""php""}]"
190,Bhone,1/1/2000,2/1/2021,110.5,1,"[{""id"":1","Name:""php""}]"
191,Bhone,1/1/2000,2/1/2021,110.5,1,"[{""id"":1","Name:""php""}]"
192,Bhone,1/1/2000,2/1/2021,110.5,1,"[{""id"":1","Name:""php""}]"
193,Bhone,1/1/2000,2/1/2021,110.5,1,"[{""id"":1","Name:""php""}]"
194,Bhone,1/1/2000,2/1/2021,110.5,1,"[{""id"":1","Name:""php""}]"
195,Bhone,1/1/2000,2/1/2021,110.5,1,"[{""id"":1","Name:""php""}]"
196,Bhone,1/1/2000,2/1/2021,110.5,1,"[{""id"":1","Name:""php""}]"
197,Bhone,1/1/2000,2/1/2021,110.5,1,"[{""id"":1","Name:""php""}]"
198,Bhone,1/1/2000,2/1/2021,110.5,1,"[{""id"":1","Name:""php""}]"
199,Bhone,1/1/2000,2/1/2021,110.5,1,"[{""id"":1","Name:""php""}]"
200,Bhone,1/1/2000,2/1/2021,110.5,1,"[{""id"":1","Name:""php""}]"
201,Bhone,1/1/2000,2/1/2021,110.5,1,"[{""id"":1","Name:""php""}]"
202,Bhone,1/1/2000,2/1/2021,110.5,1,"[{""id"":1","Name:""php""}]"
203,Bhone,1/1/2000,2/1/2021,110.5,1,"[{""id"":1","Name:""php""}]"
204,Bhone,1/1/2000,2/1/2021,110.5,1,"[{""id"":1","Name:""php""}]"
205,Bhone,1/1/2000,2/1/2021,110.5,1,"[{""id"":1","Name:""php""}]"
206,Bhone,1/1/2000,2/1/2021,110.5,1,"[{""id"":1","Name:""php""}]"
207,Bhone,1/1/2000,2/1/2021,110.5,1,"[{""id"":1","Name:""php""}]"
208,Bhone,1/1/2000,2/1/2021,110.5,1,"[{""id"":1","Name:""php""}]"
209,Bhone,1/1/2000,2/1/2021,110.5,1,"[{""id"":1","Name:""php""}]"
210,Bhone,1/1/2000,2/1/2021,110.5,1,"[{""id"":1","Name:""php""}]"
211,Bhone,1/1/2000,2/1/2021,110.5,1,"[{""id"":1","Name:""php""}]"
212,Bhone,1/1/2000,2/1/2021,110.5,1,"[{""id"":1","Name:""php""}]"
213,Bhone,1/1/2000,2/1/2021,110.5,1,"[{""id"":1","Name:""php""}]"
214,Bhone,1/1/2000,2/1/2021,110.5,1,"[{""id"":1","Name:""php""}]"
215,Bhone,1/1/2000,2/1/2021,110.5,1,"[{""id"":1","Name:""php""}]"
216,Bhone,1/1/2000,2/1/2021,110.5,1,"[{""id"":1","Name:""php""}]"
217,Bhone,1/1/2000,2/1/2021,110.5,1,"[{""id"":1","Name:""php""}]"
218,Bhone,1/1/2000,2/1/2021,110.5,1,"[{""id"":1","Name:""php""}]"
219,Bhone,1/1/2000,2/1/2021,110.5,1,"[{""id"":1","Name:""php""}]"
220,Bhone,1/1/2000,2/1/2021,110.5,1,"[{""id"":1","Name:""php""}]"
221,Bhone,1/1/2000,2/1/2021,110.5,1,"[{""id"":1","Name:""php""}]"
222,Bhone,1/1/2000,2/1/2021,110.5,1,"[{""id"":1","Name:""php""}]"
223,Bhone,1/1/2000,2/1/2021,110.5,1,"[{""id"":1","Name:""php""}]"
224,Bhone,1/1/2000,2/1/2021,110.5,1,"[{""id"":1","Name:""php""}]"
225,Bhone,1/1/2000,2/1/2021,110.5,1,"[{""id"":1","Name:""php""}]"
226,Bhone,1/1/2000,2/1/2021,110.5,1,"[{""id"":1","Name:""php""}]"
227,Bhone,1/1/2000,2/1/2021,110.5,1,"[{""id"":1","Name:""php""}]"
228,Bhone,1/1/2000,2/1/2021,110.5,1,"[{""id"":1","Name:""php""}]"
229,Bhone,1/1/2000,2/1/2021,110.5,1,"[{""id"":1","Name:""php""}]"
230,Bhone,1/1/2000,2/1/2021,110.5,1,"[{""id"":1","Name:""php""}]"
231,Bhone,1/1/2000,2/1/2021,110.5,1,"[{""id"":1","Name:""php""}]"
232,Bhone,1/1/2000,2/1/2021,110.5,1,"[{""id"":1","Name:""php""}]"
233,Bhone,1/1/2000,2/1/2021,110.5,1,"[{""id"":1","Name:""php""}]"
234,Bhone,1/1/2000,2/1/2021,110.5,1,"[{""id"":1","Name:""php""}]"
235,Bhone,1/1/2000,2/1/2021,110.5,1,"[{""id"":1","Name:""php""}]"
236,Bhone,1/1/2000,2/1/2021,110.5,1,"[{""id"":1","Name:""php""}]"
237,Bhone,1/1/2000,2/1/2021,110.5,1,"[{""id"":1","Name:""php""}]"
238,Bhone,1/1/2000,2/1/2021,110.5,1,"[{""id"":1","Name:""php""}]"
239,Bhone,1/1/2000,2/1/2021,110.5,1,"[{""id"":1","Name:""php""}]"
240,Bhone,1/1/2000,2/1/2021,110.5,1,"[{""id"":1","Name:""php""}]"
241,Bhone,1/1/2000,2/1/2021,110.5,1,"[{""id"":1","Name:""php""}]"
242,Bhone,1/1/2000,2/1/2021,110.5,1,"[{""id"":1","Name:""php""}]"
243,Bhone,1/1/2000,2/1/2021,110.5,1,"[{""id"":1","Name:""php""}]"
244,Bhone,1/1/2000,2/1/2021,110.5,1,"[{""id"":1","Name:""php""}]"
245,Bhone,1/1/2000,2/1/2021,110.5,1,"[{""id"":1","Name:""php""}]"
246,Bhone,1/1/2000,2/1/2021,110.5,1,"[{""id"":1","Name:""php""}]"
247,Bhone,1/1/2000,2/1/2021,110.5,1,"[{""id"":1","Name:""php""}]"
248,Bhone,1/1/2000,2/1/2021,110.5,1,"[{""id"":1","Name:""php""}]"
249,Bhone,1/1/2000,2/1/2021,110.5,1,"[{""id"":1","Name:""php""}]"
250,Bhone,1/1/2000,2/1/2021,110.5,1,"[{""id"":1","Name:""php""}]"
251,Bhone,1/1/2000,2/1/2021,110.5,1,"[{""id"":1","Name:""php""}]"
252,Bhone,1/1/2000,2/1/2021,110.5,1,"[{""id"":1","Name:""php""}]"
253,Bhone,1/1/2000,2/1/2021,110.5,1,"[{""id"":1","Name:""php""}]"
254,Bhone,1/1/2000,2/1/2021,110.5,1,"[{""id"":1","Name:""php""}]"
255,Bhone,1/1/2000,2/1/2021,110.5,1,"[{""id"":1","Name:""php""}]"
256,Bhone,1/1/2000,2/1/2021,110.5,1,"[{""id"":1","Name:""php""}]"
257,Bhone,1/1/2000,2/1/2021,110.5,1,"[{""id"":1","Name:""php""}]"
258,Bhone,1/1/2000,2/1/2021,110.5,1,"[{""id"":1","Name:""php""}]"
259,Bhone,1/1/2000,2/1/2021,110.5,1,"[{""id"":1","Name:""php""}]"
260,Bhone,1/1/2000,2/1/2021,110.5,1,"[{""id"":1","Name:""php""}]"
261,Bhone,1/1/2000,2/1/2021,110.5,1,"[{""id"":1","Name:""php""}]"
262,Bhone,1/1/2000,2/1/2021,110.5,1,"[{""id"":1","Name:""php""}]"
263,Bhone,1/1/2000,2/1/2021,110.5,1,"[{""id"":1","Name:""php""}]"
264,Bhone,1/1/2000,2/1/2021,110.5,1,"[{""id"":1","Name:""php""}]"
265,Bhone,1/1/2000,2/1/2021,110.5,1,"[{""id"":1","Name:""php""}]"
266,Bhone,1/1/2000,2/1/2021,110.5,1,"[{""id"":1","Name:""php""}]"
267,Bhone,1/1/2000,2/1/2021,110.5,1,"[{""id"":1","Name:""php""}]"
268,Bhone,1/1/2000,2/1/2021,110.5,1,"[{""id"":1","Name:""php""}]"
269,Bhone,1/1/2000,2/1/2021,110.5,1,"[{""id"":1","Name:""php""}]"
270,Bhone,1/1/2000,2/1/2021,110.5,1,"[{""id"":1","Name:""php""}]"
271,Bhone,1/1/2000,2/1/2021,110.5,1,"[{""id"":1","Name:""php""}]"
272,Bhone,1/1/2000,2/1/2021,110.5,1,"[{""id"":1","Name:""php""}]"
273,Bhone,1/1/2000,2/1/2021,110.5,1,"[{""id"":1","Name:""php""}]"
274,Bhone,1/1/2000,2/1/2021,110.5,1,"[{""id"":1","Name:""php""}]"
275,Bhone,1/1/2000,2/1/2021,110.5,1,"[{""id"":1","Name:""php""}]"
276,Bhone,1/1/2000,2/1/2021,110.5,1,"[{""id"":1","Name:""php""}]"
277,Bhone,1/1/2000,2/1/2021,110.5,1,"[{""id"":1","Name:""php""}]"
278,Bhone,1/1/2000,2/1/2021,110.5,1,"[{""id"":1","Name:""php""}]"
279,Bhone,1/1/2000,2/1/2021,110.5,1,"[{""id"":1","Name:""php""}]"
280,Bhone,1/1/2000,2/1/2021,110.5,1,"[{""id"":1","Name:""php""}]"
281,Bhone,1/1/2000,2/1/2021,110.5,1,"[{""id"":1","Name:""php""}]"
282,Bhone,1/1/2000,2/1/2021,110.5,1,"[{""id"":1","Name:""php""}]"
283,Bhone,1/1/2000,2/1/2021,110.5,1,"[{""id"":1","Name:""php""}]"
284,Bhone,1/1/2000,2/1/2021,110.5,1,"[{""id"":1","Name:""php""}]"
285,Bhone,1/1/2000,2/1/2021,110.5,1,"[{""id"":1","Name:""php""}]"
286,Bhone,1/1/2000,2/1/2021,110.5,1,"[{""id"":1","Name:""php""}]"
287,Bhone,1/1/2000,2/1/2021,110.5,1,"[{""id"":1","Name:""php""}]"
288,Bhone,1/1/2000,2/1/2021,110.5,1,"[{""id"":1","Name:""php""}]"
289,Bhone,1/1/2000,2/1/2021,110.5,1,"[{""id"":1","Name:""php""}]"
290,Bhone,1/1/2000,2/1/2021,110.5,1,"[{""id"":1","Name:""php""}]"
291,Bhone,1/1/2000,2/1/2021,110.5,1,"[{""id"":1","Name:""php""}]"
292,Bhone,1/1/2000,2/1/2021,110.5,1,"[{""id"":1","Name:""php""}]"
293,Bhone,1/1/2000,2/1/2021,110.5,1,"[{""id"":1","Name:""php""}]"
294,Bhone,1/1/2000,2/1/2021,110.5,1,"[{""id"":1","Name:""php""}]"
295,Bhone,1/1/2000,2/1/2021,110.5,1,"[{""id"":1","Name:""php""}]"
296,Bhone,1/1/2000,2/1/2021,110.5,1,"[{""id"":1","Name:""php""}]"
297,Bhone,1/1/2000,2/1/2021,110.5,1,"[{""id"":1","Name:""php""}]"
298,Bhone,1/1/2000,2/1/2021,110.5,1,"[{""id"":1","Name:""php""}]"
299,Bhone,1/1/2000,2/1/2021,110.5,1,"[{""id"":1","Name:""php""}]"
300,Bhone,1/1/2000,2/1/2021,110.5,1,"[{""id"":1","Name:""php""}]"
301,Bhone,1/1/2000,2/1/2021,110.5,1,"[{""id"":1","Name:""php""}]"
302,Bhone,1/1/2000,2/1/2021,110.5,1,"[{""id"":1","Name:""php""}]"
303,Bhone,1/1/2000,2/1/2021,110.5,1,"[{""id"":1","Name:""php""}]"
304,Bhone,1/1/2000,2/1/2021,110.5,1,"[{""id"":1","Name:""php""}]"
305,Bhone,1/1/2000,2/1/2021,110.5,1,"[{""id"":1","Name:""php""}]"
306,Bhone,1/1/2000,2/1/2021,110.5,1,"[{""id"":1","Name:""php""}]"
307,Bhone,1/1/2000,2/1/2021,110.5,1,"[{""id"":1","Name:""php""}]"
308,Bhone,1/1/2000,2/1/2021,110.5,1,"[{""id"":1","Name:""php""}]"
309,Bhone,1/1/2000,2/1/2021,110.5,1,"[{""id"":1","Name:""php""}]"
310,Bhone,1/1/2000,2/1/2021,110.5,1,"[{""id"":1","Name:""php""}]"
311,Bhone,1/1/2000,2/1/2021,110.5,1,"[{""id"":1","Name:""php""}]"
312,Bhone,1/1/2000,2/1/2021,110.5,1,"[{""id"":1","Name:""php""}]"
313,Bhone,1/1/2000,2/1/2021,110.5,1,"[{""id"":1","Name:""php""}]"
314,Bhone,1/1/2000,2/1/2021,110.5,1,"[{""id"":1","Name:""php""}]"
315,Bhone,1/1/2000,2/1/2021,110.5,1,"[{""id"":1","Name:""php""}]"
316,Bhone,1/1/2000,2/1/2021,110.5,1,"[{""id"":1","Name:""php""}]"
317,Bhone,1/1/2000,2/1/2021,110.5,1,"[{""id"":1","Name:""php""}]"
318,Bhone,1/1/2000,2/1/2021,110.5,1,"[{""id"":1","Name:""php""}]"
319,Bhone,1/1/2000,2/1/2021,110.5,1,"[{""id"":1","Name:""php""}]"
320,Bhone,1/1/2000,2/1/2021,110.5,1,"[{""id"":1","Name:""php""}]"
321,Bhone,1/1/2000,2/1/2021,110.5,1,"[{""id"":1","Name:""php""}]"
322,Bhone,1/1/2000,2/1/2021,110.5,1,"[{""id"":1","Name:""php""}]"
323,Bhone,1/1/2000,2/1/2021,110.5,1,"[{""id"":1","Name:""php""}]"
324,Bhone,1/1/2000,2/1/2021,110.5,1,"[{""id"":1","Name:""php""}]"
325,Bhone,1/1/2000,2/1/2021,110.5,1,"[{""id"":1","Name:""php""}]"
326,Bhone,1/1/2000,2/1/2021,110.5,1,"[{""id"":1","Name:""php""}]"
327,Bhone,1/1/2000,2/1/2021,110.5,1,"[{""id"":1","Name:""php""}]"
328,Bhone,1/1/2000,2/1/2021,110.5,1,"[{""id"":1","Name:""php""}]"
329,Bhone,1/1/2000,2/1/2021,110.5,1,"[{""id"":1","Name:""php""}]"
330,Bhone,1/1/2000,2/1/2021,110.5,1,"[{""id"":1","Name:""php""}]"
331,Bhone,1/1/2000,2/1/2021,110.5,1,"[{""id"":1","Name:""php""}]"
332,Bhone,1/1/2000,2/1/2021,110.5,1,"[{""id"":1","Name:""php""}]"
333,Bhone,1/1/2000,2/1/2021,110.5,1,"[{""id"":1","Name:""php""}]"
334,Bhone,1/1/2000,2/1/2021,110.5,1,"[{""id"":1","Name:""php""}]"
335,Bhone,1/1/2000,2/1/2021,110.5,1,"[{""id"":1","Name:""php""}]"
336,Bhone,1/1/2000,2/1/2021,110.5,1,"[{""id"":1","Name:""php""}]"
337,Bhone,1/1/2000,2/1/2021,110.5,1,"[{""id"":1","Name:""php""}]"
338,Bhone,1/1/2000,2/1/2021,110.5,1,"[{""id"":1","Name:""php""}]"
339,Bhone,1/1/2000,2/1/2021,110.5,1,"[{""id"":1","Name:""php""}]"
340,Bhone,1/1/2000,2/1/2021,110.5,1,"[{""id"":1","Name:""php""}]"
341,Bhone,1/1/2000,2/1/2021,110.5,1,"[{""id"":1","Name:""php""}]"
342,Bhone,1/1/2000,2/1/2021,110.5,1,"[{""id"":1","Name:""php""}]"
343,Bhone,1/1/2000,2/1/2021,110.5,1,"[{""id"":1","Name:""php""}]"
344,Bhone,1/1/2000,2/1/2021,110.5,1,"[{""id"":1","Name:""php""}]"
345,Bhone,1/1/2000,2/1/2021,110.5,1,"[{""id"":1","Name:""php""}]"
346,Bhone,1/1/2000,2/1/2021,110.5,1,"[{""id"":1","Name:""php""}]"
347,Bhone,1/1/2000,2/1/2021,110.5,1,"[{""id"":1","Name:""php""}]"
348,Bhone,1/1/2000,2/1/2021,110.5,1,"[{""id"":1","Name:""php""}]"
349,Bhone,1/1/2000,2/1/2021,110.5,1,"[{""id"":1","Name:""php""}]"
350,Bhone,1/1/2000,2/1/2021,110.5,1,"[{""id"":1","Name:""php""}]"
351,Bhone,1/1/2000,2/1/2021,110.5,1,"[{""id"":1","Name:""php""}]"
352,Bhone,1/1/2000,2/1/2021,110.5,1,"[{""id"":1","Name:""php""}]"
353,Bhone,1/1/2000,2/1/2021,110.5,1,"[{""id"":1","Name:""php""}]"
354,Bhone,1/1/2000,2/1/2021,110.5,1,"[{""id"":1","Name:""php""}]"
355,Bhone,1/1/2000,2/1/2021,110.5,1,"[{""id"":1","Name:""php""}]"
356,Bhone,1/1/2000,2/1/2021,110.5,1,"[{""id"":1","Name:""php""}]"
357,Bhone,1/1/2000,2/1/2021,110.5,1,"[{""id"":1","Name:""php""}]"
358,Bhone,1/1/2000,2/1/2021,110.5,1,"[{""id"":1","Name:""php""}]"
359,Bhone,1/1/2000,2/1/2021,110.5,1,"[{""id"":1","Name:""php""}]"
360,Bhone,1/1/2000,2/1/2021,110.5,1,"[{""id"":1","Name:""php""}]"
361,Bhone,1/1/2000,2/1/2021,110.5,1,"[{""id"":1","Name:""php""}]"
362,Bhone,1/1/2000,2/1/2021,110.5,1,"[{""id"":1","Name:""php""}]"
363,Bhone,1/1/2000,2/1/2021,110.5,1,"[{""id"":1","Name:""php""}]"
364,Bhone,1/1/2000,2/1/2021,110.5,1,"[{""id"":1","Name:""php""}]"
365,Bhone,1/1/2000,2/1/2021,110.5,1,"[{""id"":1","Name:""php""}]"
366,Bhone,1/1/2000,2/1/2021,110.5,1,"[{""id"":1","Name:""php""}]"
367,Bhone,1/1/2000,2/1/2021,110.5,1,"[{""id"":1","Name:""php""}]"
368,Bhone,1/1/2000,2/1/2021,110.5,1,"[{""id"":1","Name:""php""}]"
369,Bhone,1/1/2000,2/1/2021,110.5,1,"[{""id"":1","Name:""php""}]"
370,Bhone,1/1/2000,2/1/2021,110.5,1,"[{""id"":1","Name:""php""}]"
371,Bhone,1/1/2000,2/1/2021,110.5,1,"[{""id"":1","Name:""php""}]"
372,Bhone,1/1/2000,2/1/2021,110.5,1,"[{""id"":1","Name:""php""}]"
373,Bhone,1/1/2000,2/1/2021,110.5,1,"[{""id"":1","Name:""php""}]"
374,Bhone,1/1/2000,2/1/2021,110.5,1,"[{""id"":1","Name:""php""}]"
375,Bhone,1/1/2000,2/1/2021,110.5,1,"[{""id"":1","Name:""php""}]"
376,Bhone,1/1/2000,2/1/2021,110.5,1,"[{""id"":1","Name:""php""}]"
377,Bhone,1/1/2000,2/1/2021,110.5,1,"[{""id"":1","Name:""php""}]"
378,Bhone,1/1/2000,2/1/2021,110.5,1,"[{""id"":1","Name:""php""}]"
379,Bhone,1/1/2000,2/1/2021,110.5,1,"[{""id"":1","Name:""php""}]"
380,Bhone,1/1/2000,2/1/2021,110.5,1,"[{""id"":1","Name:""php""}]"
381,Bhone,1/1/2000,2/1/2021,110.5,1,"[{""id"":1","Name:""php""}]"
382,Bhone,1/1/2000,2/1/2021,110.5,1,"[{""id"":1","Name:""php""}]"
383,Bhone,1/1/2000,2/1/2021,110.5,1,"[{""id"":1","Name:""php""}]"
384,Bhone,1/1/2000,2/1/2021,110.5,1,"[{""id"":1","Name:""php""}]"
385,Bhone,1/1/2000,2/1/2021,110.5,1,"[{""id"":1","Name:""php""}]"
386,Bhone,1/1/2000,2/1/2021,110.5,1,"[{""id"":1","Name:""php""}]"
387,Bhone,1/1/2000,2/1/2021,110.5,1,"[{""id"":1","Name:""php""}]"
388,Bhone,1/1/2000,2/1/2021,110.5,1,"[{""id"":1","Name:""php""}]"
389,Bhone,1/1/2000,2/1/2021,110.5,1,"[{""id"":1","Name:""php""}]"
390,Bhone,1/1/2000,2/1/2021,110.5,1,"[{""id"":1","Name:""php""}]"
391,Bhone,1/1/2000,2/1/2021,110.5,1,"[{""id"":1","Name:""php""}]"
392,Bhone,1/1/2000,2/1/2021,110.5,1,"[{""id"":1","Name:""php""}]"
393,Bhone,1/1/2000,2/1/2021,110.5,1,"[{""id"":1","Name:""php""}]"
394,Bhone,1/1/2000,2/1/2021,110.5,1,"[{""id"":1","Name:""php""}]"
395,Bhone,1/1/2000,2/1/2021,110.5,1,"[{""id"":1","Name:""php""}]"
396,Bhone,1/1/2000,2/1/2021,110.5,1,"[{""id"":1","Name:""php""}]"
397,Bhone,1/1/2000,2/1/2021,110.5,1,"[{""id"":1","Name:""php""}]"
398,Bhone,1/1/2000,2/1/2021,110.5,1,"[{""id"":1","Name:""php""}]"
399,Bhone,1/1/2000,2/1/2021,110.5,1,"[{""id"":1","Name:""php""}]"
400,Bhone,1/1/2000,2/1/2021,110.5,1,"[{""id"":1","Name:""php""}]"
401,Bhone,1/1/2000,2/1/2021,110.5,1,"[{""id"":1","Name:""php""}]"
402,Bhone,1/1/2000,2/1/2021,110.5,1,"[{""id"":1","Name:""php""}]"
403,Bhone,1/1/2000,2/1/2021,110.5,1,"[{""id"":1","Name:""php""}]"
404,Bhone,1/1/2000,2/1/2021,110.5,1,"[{""id"":1","Name:""php""}]"
405,Bhone,1/1/2000,2/1/2021,110.5,1,"[{""id"":1","Name:""php""}]"
406,Bhone,1/1/2000,2/1/2021,110.5,1,"[{""id"":1","Name:""php""}]"
407,Bhone,1/1/2000,2/1/2021,110.5,1,"[{""id"":1","Name:""php""}]"
408,Bhone,1/1/2000,2/1/2021,110.5,1,"[{""id"":1","Name:""php""}]"
409,Bhone,1/1/2000,2/1/2021,110.5,1,"[{""id"":1","Name:""php""}]"
410,Bhone,1/1/2000,2/1/2021,110.5,1,"[{""id"":1","Name:""php""}]"
411,Bhone,1/1/2000,2/1/2021,110.5,1,"[{""id"":1","Name:""php""}]"
412,Bhone,1/1/2000,2/1/2021,110.5,1,"[{""id"":1","Name:""php""}]"
413,Bhone,1/1/2000,2/1/2021,110.5,1,"[{""id"":1","Name:""php""}]"
414,Bhone,1/1/2000,2/1/2021,110.5,1,"[{""id"":1","Name:""php""}]"
415,Bhone,1/1/2000,2/1/2021,110.5,1,"[{""id"":1","Name:""php""}]"
416,Bhone,1/1/2000,2/1/2021,110.5,1,"[{""id"":1","Name:""php""}]"
417,Bhone,1/1/2000,2/1/2021,110.5,1,"[{""id"":1","Name:""php""}]"
418,Bhone,1/1/2000,2/1/2021,110.5,1,"[{""id"":1","Name:""php""}]"
419,Bhone,1/1/2000,2/1/2021,110.5,1,"[{""id"":1","Name:""php""}]"
420,Bhone,1/1/2000,2/1/2021,110.5,1,"[{""id"":1","Name:""php""}]"
421,Bhone,1/1/2000,2/1/2021,110.5,1,"[{""id"":1","Name:""php""}]"
422,Bhone,1/1/2000,2/1/2021,110.5,1,"[{""id"":1","Name:""php""}]"
423,Bhone,1/1/2000,2/1/2021,110.5,1,"[{""id"":1","Name:""php""}]"
424,Bhone,1/1/2000,2/1/2021,110.5,1,"[{""id"":1","Name:""php""}]"
425,Bhone,1/1/2000,2/1/2021,110.5,1,"[{""id"":1","Name:""php""}]"
426,Bhone,1/1/2000,2/1/2021,110.5,1,"[{""id"":1","Name:""php""}]"
427,Bhone,1/1/2000,2/1/2021,110.5,1,"[{""id"":1","Name:""php""}]"
428,Bhone,1/1/2000,2/1/2021,110.5,1,"[{""id"":1","Name:""php""}]"
429,Bhone,1/1/2000,2/1/2021,110.5,1,"[{""id"":1","Name:""php""}]"
430,Bhone,1/1/2000,2/1/2021,110.5,1,"[{""id"":1","Name:""php""}]"
431,Bhone,1/1/2000,2/1/2021,110.5,1,"[{""id"":1","Name:""php""}]"
432,Bhone,1/1/2000,2/1/2021,110.5,1,"[{""id"":1","Name:""php""}]"
433,Bhone,1/1/2000,2/1/2021,110.5,1,"[{""id"":1","Name:""php""}]"
434,Bhone,1/1/2000,2/1/2021,110.5,1,"[{""id"":1","Name:""php""}]"
435,Bhone,1/1/2000,2/1/2021,110.5,1,"[{""id"":1","Name:""php""}]"
436,Bhone,1/1/2000,2/1/2021,110.5,1,"[{""id"":1","Name:""php""}]"
437,Bhone,1/1/2000,2/1/2021,110.5,1,"[{""id"":1","Name:""php""}]"
438,Bhone,1/1/2000,2/1/2021,110.5,1,"[{""id"":1","Name:""php""}]"
439,Bhone,1/1/2000,2/1/2021,110.5,1,"[{""id"":1","Name:""php""}]"
440,Bhone,1/1/2000,2/1/2021,110.5,1,"[{""id"":1","Name:""php""}]"
441,Bhone,1/1/2000,2/1/2021,110.5,1,"[{""id"":1","Name:""php""}]"
442,Bhone,1/1/2000,2/1/2021,110.5,1,"[{""id"":1","Name:""php""}]"
443,Bhone,1/1/2000,2/1/2021,110.5,1,"[{""id"":1","Name:""php""}]"
444,Bhone,1/1/2000,2/1/2021,110.5,1,"[{""id"":1","Name:""php""}]"
445,Bhone,1/1/2000,2/1/2021,110.5,1,"[{""id"":1","Name:""php""}]"
446,Bhone,1/1/2000,2/1/2021,110.5,1,"[{""id"":1","Name:""php""}]"
447,Bhone,1/1/2000,2/1/2021,110.5,1,"[{""id"":1","Name:""php""}]"
448,Bhone,1/1/2000,2/1/2021,110.5,1,"[{""id"":1","Name:""php""}]"
449,Bhone,1/1/2000,2/1/2021,110.5,1,"[{""id"":1","Name:""php""}]"
450,Bhone,1/1/2000,2/1/2021,110.5,1,"[{""id"":1","Name:""php""}]"
451,Bhone,1/1/2000,2/1/2021,110.5,1,"[{""id"":1","Name:""php""}]"
452,Bhone,1/1/2000,2/1/2021,110.5,1,"[{""id"":1","Name:""php""}]"
453,Bhone,1/1/2000,2/1/2021,110.5,1,"[{""id"":1","Name:""php""}]"
454,Bhone,1/1/2000,2/1/2021,110.5,1,"[{""id"":1","Name:""php""}]"
455,Bhone,1/1/2000,2/1/2021,110.5,1,"[{""id"":1","Name:""php""}]"
456,Bhone,1/1/2000,2/1/2021,110.5,1,"[{""id"":1","Name:""php""}]"
457,Bhone,1/1/2000,2/1/2021,110.5,1,"[{""id"":1","Name:""php""}]"
458,Bhone,1/1/2000,2/1/2021,110.5,1,"[{""id"":1","Name:""php""}]"
459,Bhone,1/1/2000,2/1/2021,110.5,1,"[{""id"":1","Name:""php""}]"
460,Bhone,1/1/2000,2/1/2021,110.5,1,"[{""id"":1","Name:""php""}]"
461,Bhone,1/1/2000,2/1/2021,110.5,1,"[{""id"":1","Name:""php""}]"
462,Bhone,1/1/2000,2/1/2021,110.5,1,"[{""id"":1","Name:""php""}]"
463,Bhone,1/1/2000,2/1/2021,110.5,1,"[{""id"":1","Name:""php""}]"
464,Bhone,1/1/2000,2/1/2021,110.5,1,"[{""id"":1","Name:""php""}]"
465,Bhone,1/1/2000,2/1/2021,110.5,1,"[{""id"":1","Name:""php""}]"
466,Bhone,1/1/2000,2/1/2021,110.5,1,"[{""id"":1","Name:""php""}]"
467,Bhone,1/1/2000,2/1/2021,110.5,1,"[{""id"":1","Name:""php""}]"
468,Bhone,1/1/2000,2/1/2021,110.5,1,"[{""id"":1","Name:""php""}]"
469,Bhone,1/1/2000,2/1/2021,110.5,1,"[{""id"":1","Name:""php""}]"
470,Bhone,1/1/2000,2/1/2021,110.5,1,"[{""id"":1","Name:""php""}]"
471,Bhone,1/1/2000,2/1/2021,110.5,1,"[{""id"":1","Name:""php""}]"
472,Bhone,1/1/2000,2/1/2021,110.5,1,"[{""id"":1","Name:""php""}]"
473,Bhone,1/1/2000,2/1/2021,110.5,1,"[{""id"":1","Name:""php""}]"
474,Bhone,1/1/2000,2/1/2021,110.5,1,"[{""id"":1","Name:""php""}]"
475,Bhone,1/1/2000,2/1/2021,110.5,1,"[{""id"":1","Name:""php""}]"
476,Bhone,1/1/2000,2/1/2021,110.5,1,"[{""id"":1","Name:""php""}]"
477,Bhone,1/1/2000,2/1/2021,110.5,1,"[{""id"":1","Name:""php""}]"
478,Bhone,1/1/2000,2/1/2021,110.5,1,"[{""id"":1","Name:""php""}]"
479,Bhone,1/1/2000,2/1/2021,110.5,1,"[{""id"":1","Name:""php""}]"
480,Bhone,1/1/2000,2/1/2021,110.5,1,"[{""id"":1","Name:""php""}]"
481,Bhone,1/1/2000,2/1/2021,110.5,1,"[{""id"":1","Name:""php""}]"
482,Bhone,1/1/2000,2/1/2021,110.5,1,"[{""id"":1","Name:""php""}]"
483,Bhone,1/1/2000,2/1/2021,110.5,1,"[{""id"":1","Name:""php""}]"
484,Bhone,1/1/2000,2/1/2021,110.5,1,"[{""id"":1","Name:""php""}]"
485,Bhone,1/1/2000,2/1/2021,110.5,1,"[{""id"":1","Name:""php""}]"
486,Bhone,1/1/2000,2/1/2021,110.5,1,"[{""id"":1","Name:""php""}]"
487,Bhone,1/1/2000,2/1/2021,110.5,1,"[{""id"":1","Name:""php""}]"
488,Bhone,1/1/2000,2/1/2021,110.5,1,"[{""id"":1","Name:""php""}]"
489,Bhone,1/1/2000,2/1/2021,110.5,1,"[{""id"":1","Name:""php""}]"
490,Bhone,1/1/2000,2/1/2021,110.5,1,"[{""id"":1","Name:""php""}]"
491,Bhone,1/1/2000,2/1/2021,110.5,1,"[{""id"":1","Name:""php""}]"
492,Bhone,1/1/2000,2/1/2021,110.5,1,"[{""id"":1","Name:""php""}]"
493,Bhone,1/1/2000,2/1/2021,110.5,1,"[{""id"":1","Name:""php""}]"
494,Bhone,1/1/2000,2/1/2021,110.5,1,"[{""id"":1","Name:""php""}]"
495,Bhone,1/1/2000,2/1/2021,110.5,1,"[{""id"":1","Name:""php""}]"
496,Bhone,1/1/2000,2/1/2021,110.5,1,"[{""id"":1","Name:""php""}]"
497,Bhone,1/1/2000,2/1/2021,110.5,1,"[{""id"":1","Name:""php""}]"
498,Bhone,1/1/2000,2/1/2021,110.5,1,"[{""id"":1","Name:""php""}]"
499,Bhone,1/1/2000,2/1/2021,110.5,1,"[{""id"":1","Name:""php""}]"
500,Bhone,1/1/2000,2/1/2021,110.5,1,"[{""id"":1","Name:""php""}]"
501,Bhone,1/1/2000,2/1/2021,110.5,1,"[{""id"":1","Name:""php""}]"
502,Bhone,1/1/2000,2/1/2021,110.5,1,"[{""id"":1","Name:""php""}]"
503,Bhone,1/1/2000,2/1/2021,110.5,1,"[{""id"":1","Name:""php""}]"
504,Bhone,1/1/2000,2/1/2021,110.5,1,"[{""id"":1","Name:""php""}]"
505,Bhone,1/1/2000,2/1/2021,110.5,1,"[{""id"":1","Name:""php""}]"
506,Bhone,1/1/2000,2/1/2021,110.5,1,"[{""id"":1","Name:""php""}]"
507,Bhone,1/1/2000,2/1/2021,110.5,1,"[{""id"":1","Name:""php""}]"
508,Bhone,1/1/2000,2/1/2021,110.5,1,"[{""id"":1","Name:""php""}]"
509,Bhone,1/1/2000,2/1/2021,110.5,1,"[{""id"":1","Name:""php""}]"
510,Bhone,1/1/2000,2/1/2021,110.5,1,"[{""id"":1","Name:""php""}]"
511,Bhone,1/1/2000,2/1/2021,110.5,1,"[{""id"":1","Name:""php""}]"
512,Bhone,1/1/2000,2/1/2021,110.5,1,"[{""id"":1","Name:""php""}]"
513,Bhone,1/1/2000,2/1/2021,110.5,1,"[{""id"":1","Name:""php""}]"
514,Bhone,1/1/2000,2/1/2021,110.5,1,"[{""id"":1","Name:""php""}]"
515,Bhone,1/1/2000,2/1/2021,110.5,1,"[{""id"":1","Name:""php""}]"
516,Bhone,1/1/2000,2/1/2021,110.5,1,"[{""id"":1","Name:""php""}]"
517,Bhone,1/1/2000,2/1/2021,110.5,1,"[{""id"":1","Name:""php""}]"
518,Bhone,1/1/2000,2/1/2021,110.5,1,"[{""id"":1","Name:""php""}]"
519,Bhone,1/1/2000,2/1/2021,110.5,1,"[{""id"":1","Name:""php""}]"
520,Bhone,1/1/2000,2/1/2021,110.5,1,"[{""id"":1","Name:""php""}]"
521,Bhone,1/1/2000,2/1/2021,110.5,1,"[{""id"":1","Name:""php""}]"
522,Bhone,1/1/2000,2/1/2021,110.5,1,"[{""id"":1","Name:""php""}]"
523,Bhone,1/1/2000,2/1/2021,110.5,1,"[{""id"":1","Name:""php""}]"
524,Bhone,1/1/2000,2/1/2021,110.5,1,"[{""id"":1","Name:""php""}]"
525,Bhone,1/1/2000,2/1/2021,110.5,1,"[{""id"":1","Name:""php""}]"
526,Bhone,1/1/2000,2/1/2021,110.5,1,"[{""id"":1","Name:""php""}]"
527,Bhone,1/1/2000,2/1/2021,110.5,1,"[{""id"":1","Name:""php""}]"
528,Bhone,1/1/2000,2/1/2021,110.5,1,"[{""id"":1","Name:""php""}]"
529,Bhone,1/1/2000,2/1/2021,110.5,1,"[{""id"":1","Name:""php""}]"
530,Bhone,1/1/2000,2/1/2021,110.5,1,"[{""id"":1","Name:""php""}]"
531,Bhone,1/1/2000,2/1/2021,110.5,1,"[{""id"":1","Name:""php""}]"
532,Bhone,1/1/2000,2/1/2021,110.5,1,"[{""id"":1","Name:""php""}]"
533,Bhone,1/1/2000,2/1/2021,110.5,1,"[{""id"":1","Name:""php""}]"
534,Bhone,1/1/2000,2/1/2021,110.5,1,"[{""id"":1","Name:""php""}]"
535,Bhone,1/1/2000,2/1/2021,110.5,1,"[{""id"":1","Name:""php""}]"
536,Bhone,1/1/2000,2/1/2021,110.5,1,"[{""id"":1","Name:""php""}]"
537,Bhone,1/1/2000,2/1/2021,110.5,1,"[{""id"":1","Name:""php""}]"
538,Bhone,1/1/2000,2/1/2021,110.5,1,"[{""id"":1","Name:""php""}]"
539,Bhone,1/1/2000,2/1/2021,110.5,1,"[{""id"":1","Name:""php""}]"
540,Bhone,1/1/2000,2/1/2021,110.5,1,"[{""id"":1","Name:""php""}]"
541,Bhone,1/1/2000,2/1/2021,110.5,1,"[{""id"":1","Name:""php""}]"
542,Bhone,1/1/2000,2/1/2021,110.5,1,"[{""id"":1","Name:""php""}]"
543,Bhone,1/1/2000,2/1/2021,110.5,1,"[{""id"":1","Name:""php""}]"
544,Bhone,1/1/2000,2/1/2021,110.5,1,"[{""id"":1","Name:""php""}]"
545,Bhone,1/1/2000,2/1/2021,110.5,1,"[{""id"":1","Name:""php""}]"
546,Bhone,1/1/2000,2/1/2021,110.5,1,"[{""id"":1","Name:""php""}]"
547,Bhone,1/1/2000,2/1/2021,110.5,1,"[{""id"":1","Name:""php""}]"
548,Bhone,1/1/2000,2/1/2021,110.5,1,"[{""id"":1","Name:""php""}]"
549,Bhone,1/1/2000,2/1/2021,110.5,1,"[{""id"":1","Name:""php""}]"
550,Bhone,1/1/2000,2/1/2021,110.5,1,"[{""id"":1","Name:""php""}]"
551,Bhone,1/1/2000,2/1/2021,110.5,1,"[{""id"":1","Name:""php""}]"
552,Bhone,1/1/2000,2/1/2021,110.5,1,"[{""id"":1","Name:""php""}]"
553,Bhone,1/1/2000,2/1/2021,110.5,1,"[{""id"":1","Name:""php""}]"
554,Bhone,1/1/2000,2/1/2021,110.5,1,"[{""id"":1","Name:""php""}]"
555,Bhone,1/1/2000,2/1/2021,110.5,1,"[{""id"":1","Name:""php""}]"
556,Bhone,1/1/2000,2/1/2021,110.5,1,"[{""id"":1","Name:""php""}]"
557,Bhone,1/1/2000,2/1/2021,110.5,1,"[{""id"":1","Name:""php""}]"
558,Bhone,1/1/2000,2/1/2021,110.5,1,"[{""id"":1","Name:""php""}]"
559,Bhone,1/1/2000,2/1/2021,110.5,1,"[{""id"":1","Name:""php""}]"
560,Bhone,1/1/2000,2/1/2021,110.5,1,"[{""id"":1","Name:""php""}]"
561,Bhone,1/1/2000,2/1/2021,110.5,1,"[{""id"":1","Name:""php""}]"
562,Bhone,1/1/2000,2/1/2021,110.5,1,"[{""id"":1","Name:""php""}]"
563,Bhone,1/1/2000,2/1/2021,110.5,1,"[{""id"":1","Name:""php""}]"
564,Bhone,1/1/2000,2/1/2021,110.5,1,"[{""id"":1","Name:""php""}]"
565,Bhone,1/1/2000,2/1/2021,110.5,1,"[{""id"":1","Name:""php""}]"
566,Bhone,1/1/2000,2/1/2021,110.5,1,"[{""id"":1","Name:""php""}]"
567,Bhone,1/1/2000,2/1/2021,110.5,1,"[{""id"":1","Name:""php""}]"
568,Bhone,1/1/2000,2/1/2021,110.5,1,"[{""id"":1","Name:""php""}]"
569,Bhone,1/1/2000,2/1/2021,110.5,1,"[{""id"":1","Name:""php""}]"
570,Bhone,1/1/2000,2/1/2021,110.5,1,"[{""id"":1","Name:""php""}]"
571,Bhone,1/1/2000,2/1/2021,110.5,1,"[{""id"":1","Name:""php""}]"
572,Bhone,1/1/2000,2/1/2021,110.5,1,"[{""id"":1","Name:""php""}]"
573,Bhone,1/1/2000,2/1/2021,110.5,1,"[{""id"":1","Name:""php""}]"
574,Bhone,1/1/2000,2/1/2021,110.5,1,"[{""id"":1","Name:""php""}]"
575,Bhone,1/1/2000,2/1/2021,110.5,1,"[{""id"":1","Name:""php""}]"
576,Bhone,1/1/2000,2/1/2021,110.5,1,"[{""id"":1","Name:""php""}]"
577,Bhone,1/1/2000,2/1/2021,110.5,1,"[{""id"":1","Name:""php""}]"
578,Bhone,1/1/2000,2/1/2021,110.5,1,"[{""id"":1","Name:""php""}]"
579,Bhone,1/1/2000,2/1/2021,110.5,1,"[{""id"":1","Name:""php""}]"
580,Bhone,1/1/2000,2/1/2021,110.5,1,"[{""id"":1","Name:""php""}]"
581,Bhone,1/1/2000,2/1/2021,110.5,1,"[{""id"":1","Name:""php""}]"
582,Bhone,1/1/2000,2/1/2021,110.5,1,"[{""id"":1","Name:""php""}]"
583,Bhone,1/1/2000,2/1/2021,110.5,1,"[{""id"":1","Name:""php""}]"
584,Bhone,1/1/2000,2/1/2021,110.5,1,"[{""id"":1","Name:""php""}]"
585,Bhone,1/1/2000,2/1/2021,110.5,1,"[{""id"":1","Name:""php""}]"
586,Bhone,1/1/2000,2/1/2021,110.5,1,"[{""id"":1","Name:""php""}]"
587,Bhone,1/1/2000,2/1/2021,110.5,1,"[{""id"":1","Name:""php""}]"
588,Bhone,1/1/2000,2/1/2021,110.5,1,"[{""id"":1","Name:""php""}]"
589,Bhone,1/1/2000,2/1/2021,110.5,1,"[{""id"":1","Name:""php""}]"
590,Bhone,1/1/2000,2/1/2021,110.5,1,"[{""id"":1","Name:""php""}]"
591,Bhone,1/1/2000,2/1/2021,110.5,1,"[{""id"":1","Name:""php""}]"
592,Bhone,1/1/2000,2/1/2021,110.5,1,"[{""id"":1","Name:""php""}]"
593,Bhone,1/1/2000,2/1/2021,110.5,1,"[{""id"":1","Name:""php""}]"
594,Bhone,1/1/2000,2/1/2021,110.5,1,"[{""id"":1","Name:""php""}]"
595,Bhone,1/1/2000,2/1/2021,110.5,1,"[{""id"":1","Name:""php""}]"
596,Bhone,1/1/2000,2/1/2021,110.5,1,"[{""id"":1","Name:""php""}]"
597,Bhone,1/1/2000,2/1/2021,110.5,1,"[{""id"":1","Name:""php""}]"
598,Bhone,1/1/2000,2/1/2021,110.5,1,"[{""id"":1","Name:""php""}]"
599,Bhone,1/1/2000,2/1/2021,110.5,1,"[{""id"":1","Name:""php""}]"
600,Bhone,1/1/2000,2/1/2021,110.5,1,"[{""id"":1","Name:""php""}]"
601,Bhone,1/1/2000,2/1/2021,110.5,1,"[{""id"":1","Name:""php""}]"
602,Bhone,1/1/2000,2/1/2021,110.5,1,"[{""id"":1","Name:""php""}]"
603,Bhone,1/1/2000,2/1/2021,110.5,1,"[{""id"":1","Name:""php""}]"
604,Bhone,1/1/2000,2/1/2021,110.5,1,"[{""id"":1","Name:""php""}]"
605,Bhone,1/1/2000,2/1/2021,110.5,1,"[{""id"":1","Name:""php""}]"
606,Bhone,1/1/2000,2/1/2021,110.5,1,"[{""id"":1","Name:""php""}]"
607,Bhone,1/1/2000,2/1/2021,110.5,1,"[{""id"":1","Name:""php""}]"
608,Bhone,1/1/2000,2/1/2021,110.5,1,"[{""id"":1","Name:""php""}]"
609,Bhone,1/1/2000,2/1/2021,110.5,1,"[{""id"":1","Name:""php""}]"
610,Bhone,1/1/2000,2/1/2021,110.5,1,"[{""id"":1","Name:""php""}]"
611,Bhone,1/1/2000,2/1/2021,110.5,1,"[{""id"":1","Name:""php""}]"
612,Bhone,1/1/2000,2/1/2021,110.5,1,"[{""id"":1","Name:""php""}]"
613,Bhone,1/1/2000,2/1/2021,110.5,1,"[{""id"":1","Name:""php""}]"
614,Bhone,1/1/2000,2/1/2021,110.5,1,"[{""id"":1","Name:""php""}]"
615,Bhone,1/1/2000,2/1/2021,110.5,1,"[{""id"":1","Name:""php""}]"
616,Bhone,1/1/2000,2/1/2021,110.5,1,"[{""id"":1","Name:""php""}]"
617,Bhone,1/1/2000,2/1/2021,110.5,1,"[{""id"":1","Name:""php""}]"
618,Bhone,1/1/2000,2/1/2021,110.5,1,"[{""id"":1","Name:""php""}]"
619,Bhone,1/1/2000,2/1/2021,110.5,1,"[{""id"":1","Name:""php""}]"
620,Bhone,1/1/2000,2/1/2021,110.5,1,"[{""id"":1","Name:""php""}]"
621,Bhone,1/1/2000,2/1/2021,110.5,1,"[{""id"":1","Name:""php""}]"
622,Bhone,1/1/2000,2/1/2021,110.5,1,"[{""id"":1","Name:""php""}]"
623,Bhone,1/1/2000,2/1/2021,110.5,1,"[{""id"":1","Name:""php""}]"
624,Bhone,1/1/2000,2/1/2021,110.5,1,"[{""id"":1","Name:""php""}]"
625,Bhone,1/1/2000,2/1/2021,110.5,1,"[{""id"":1","Name:""php""}]"
626,Bhone,1/1/2000,2/1/2021,110.5,1,"[{""id"":1","Name:""php""}]"
627,Bhone,1/1/2000,2/1/2021,110.5,1,"[{""id"":1","Name:""php""}]"
628,Bhone,1/1/2000,2/1/2021,110.5,1,"[{""id"":1","Name:""php""}]"
629,Bhone,1/1/2000,2/1/2021,110.5,1,"[{""id"":1","Name:""php""}]"
630,Bhone,1/1/2000,2/1/2021,110.5,1,"[{""id"":1","Name:""php""}]"
631,Bhone,1/1/2000,2/1/2021,110.5,1,"[{""id"":1","Name:""php""}]"
632,Bhone,1/1/2000,2/1/2021,110.5,1,"[{""id"":1","Name:""php""}]"
633,Bhone,1/1/2000,2/1/2021,110.5,1,"[{""id"":1","Name:""php""}]"
634,Bhone,1/1/2000,2/1/2021,110.5,1,"[{""id"":1","Name:""php""}]"
635,Bhone,1/1/2000,2/1/2021,110.5,1,"[{""id"":1","Name:""php""}]"
636,Bhone,1/1/2000,2/1/2021,110.5,1,"[{""id"":1","Name:""php""}]"
637,Bhone,1/1/2000,2/1/2021,110.5,1,"[{""id"":1","Name:""php""}]"
638,Bhone,1/1/2000,2/1/2021,110.5,1,"[{""id"":1","Name:""php""}]"
639,Bhone,1/1/2000,2/1/2021,110.5,1,"[{""id"":1","Name:""php""}]"
640,Bhone,1/1/2000,2/1/2021,110.5,1,"[{""id"":1","Name:""php""}]"
641,Bhone,1/1/2000,2/1/2021,110.5,1,"[{""id"":1","Name:""php""}]"
642,Bhone,1/1/2000,2/1/2021,110.5,1,"[{""id"":1","Name:""php""}]"
643,Bhone,1/1/2000,2/1/2021,110.5,1,"[{""id"":1","Name:""php""}]"
644,Bhone,1/1/2000,2/1/2021,110.5,1,"[{""id"":1","Name:""php""}]"
645,Bhone,1/1/2000,2/1/2021,110.5,1,"[{""id"":1","Name:""php""}]"
646,Bhone,1/1/2000,2/1/2021,110.5,1,"[{""id"":1","Name:""php""}]"
647,Bhone,1/1/2000,2/1/2021,110.5,1,"[{""id"":1","Name:""php""}]"
648,Bhone,1/1/2000,2/1/2021,110.5,1,"[{""id"":1","Name:""php""}]"
649,Bhone,1/1/2000,2/1/2021,110.5,1,"[{""id"":1","Name:""php""}]"
650,Bhone,1/1/2000,2/1/2021,110.5,1,"[{""id"":1","Name:""php""}]"
651,Bhone,1/1/2000,2/1/2021,110.5,1,"[{""id"":1","Name:""php""}]"
652,Bhone,1/1/2000,2/1/2021,110.5,1,"[{""id"":1","Name:""php""}]"
653,Bhone,1/1/2000,2/1/2021,110.5,1,"[{""id"":1","Name:""php""}]"
654,Bhone,1/1/2000,2/1/2021,110.5,1,"[{""id"":1","Name:""php""}]"
655,Bhone,1/1/2000,2/1/2021,110.5,1,"[{""id"":1","Name:""php""}]"
656,Bhone,1/1/2000,2/1/2021,110.5,1,"[{""id"":1","Name:""php""}]"
657,Bhone,1/1/2000,2/1/2021,110.5,1,"[{""id"":1","Name:""php""}]"
658,Bhone,1/1/2000,2/1/2021,110.5,1,"[{""id"":1","Name:""php""}]"
659,Bhone,1/1/2000,2/1/2021,110.5,1,"[{""id"":1","Name:""php""}]"
660,Bhone,1/1/2000,2/1/2021,110.5,1,"[{""id"":1","Name:""php""}]"
661,Bhone,1/1/2000,2/1/2021,110.5,1,"[{""id"":1","Name:""php""}]"
662,Bhone,1/1/2000,2/1/2021,110.5,1,"[{""id"":1","Name:""php""}]"
663,Bhone,1/1/2000,2/1/2021,110.5,1,"[{""id"":1","Name:""php""}]"
664,Bhone,1/1/2000,2/1/2021,110.5,1,"[{""id"":1","Name:""php""}]"
665,Bhone,1/1/2000,2/1/2021,110.5,1,"[{""id"":1","Name:""php""}]"
666,Bhone,1/1/2000,2/1/2021,110.5,1,"[{""id"":1","Name:""php""}]"
667,Bhone,1/1/2000,2/1/2021,110.5,1,"[{""id"":1","Name:""php""}]"
668,Bhone,1/1/2000,2/1/2021,110.5,1,"[{""id"":1","Name:""php""}]"
669,Bhone,1/1/2000,2/1/2021,110.5,1,"[{""id"":1","Name:""php""}]"
670,Bhone,1/1/2000,2/1/2021,110.5,1,"[{""id"":1","Name:""php""}]"
671,Bhone,1/1/2000,2/1/2021,110.5,1,"[{""id"":1","Name:""php""}]"
672,Bhone,1/1/2000,2/1/2021,110.5,1,"[{""id"":1","Name:""php""}]"
673,Bhone,1/1/2000,2/1/2021,110.5,1,"[{""id"":1","Name:""php""}]"
674,Bhone,1/1/2000,2/1/2021,110.5,1,"[{""id"":1","Name:""php""}]"
675,Bhone,1/1/2000,2/1/2021,110.5,1,"[{""id"":1","Name:""php""}]"
676,Bhone,1/1/2000,2/1/2021,110.5,1,"[{""id"":1","Name:""php""}]"
677,Bhone,1/1/2000,2/1/2021,110.5,1,"[{""id"":1","Name:""php""}]"
678,Bhone,1/1/2000,2/1/2021,110.5,1,"[{""id"":1","Name:""php""}]"
679,Bhone,1/1/2000,2/1/2021,110.5,1,"[{""id"":1","Name:""php""}]"
680,Bhone,1/1/2000,2/1/2021,110.5,1,"[{""id"":1","Name:""php""}]"
681,Bhone,1/1/2000,2/1/2021,110.5,1,"[{""id"":1","Name:""php""}]"
682,Bhone,1/1/2000,2/1/2021,110.5,1,"[{""id"":1","Name:""php""}]"
683,Bhone,1/1/2000,2/1/2021,110.5,1,"[{""id"":1","Name:""php""}]"
684,Bhone,1/1/2000,2/1/2021,110.5,1,"[{""id"":1","Name:""php""}]"
685,Bhone,1/1/2000,2/1/2021,110.5,1,"[{""id"":1","Name:""php""}]"
686,Bhone,1/1/2000,2/1/2021,110.5,1,"[{""id"":1","Name:""php""}]"
687,Bhone,1/1/2000,2/1/2021,110.5,1,"[{""id"":1","Name:""php""}]"
688,Bhone,1/1/2000,2/1/2021,110.5,1,"[{""id"":1","Name:""php""}]"
689,Bhone,1/1/2000,2/1/2021,110.5,1,"[{""id"":1","Name:""php""}]"
690,Bhone,1/1/2000,2/1/2021,110.5,1,"[{""id"":1","Name:""php""}]"
691,Bhone,1/1/2000,2/1/2021,110.5,1,"[{""id"":1","Name:""php""}]"
692,Bhone,1/1/2000,2/1/2021,110.5,1,"[{""id"":1","Name:""php""}]"
693,Bhone,1/1/2000,2/1/2021,110.5,1,"[{""id"":1","Name:""php""}]"
694,Bhone,1/1/2000,2/1/2021,110.5,1,"[{""id"":1","Name:""php""}]"
695,Bhone,1/1/2000,2/1/2021,110.5,1,"[{""id"":1","Name:""php""}]"
696,Bhone,1/1/2000,2/1/2021,110.5,1,"[{""id"":1","Name:""php""}]"
697,Bhone,1/1/2000,2/1/2021,110.5,1,"[{""id"":1","Name:""php""}]"
698,Bhone,1/1/2000,2/1/2021,110.5,1,"[{""id"":1","Name:""php""}]"
699,Bhone,1/1/2000,2/1/2021,110.5,1,"[{""id"":1","Name:""php""}]"
700,Bhone,1/1/2000,2/1/2021,110.5,1,"[{""id"":1","Name:""php""}]"
701,Bhone,1/1/2000,2/1/2021,110.5,1,"[{""id"":1","Name:""php""}]"
702,Bhone,1/1/2000,2/1/2021,110.5,1,"[{""id"":1","Name:""php""}]"
703,Bhone,1/1/2000,2/1/2021,110.5,1,"[{""id"":1","Name:""php""}]"
704,Bhone,1/1/2000,2/1/2021,110.5,1,"[{""id"":1","Name:""php""}]"
705,Bhone,1/1/2000,2/1/2021,110.5,1,"[{""id"":1","Name:""php""}]"
706,Bhone,1/1/2000,2/1/2021,110.5,1,"[{""id"":1","Name:""php""}]"
707,Bhone,1/1/2000,2/1/2021,110.5,1,"[{""id"":1","Name:""php""}]"
708,Bhone,1/1/2000,2/1/2021,110.5,1,"[{""id"":1","Name:""php""}]"
709,Bhone,1/1/2000,2/1/2021,110.5,1,"[{""id"":1","Name:""php""}]"
710,Bhone,1/1/2000,2/1/2021,110.5,1,"[{""id"":1","Name:""php""}]"
711,Bhone,1/1/2000,2/1/2021,110.5,1,"[{""id"":1","Name:""php""}]"
712,Bhone,1/1/2000,2/1/2021,110.5,1,"[{""id"":1","Name:""php""}]"
713,Bhone,1/1/2000,2/1/2021,110.5,1,"[{""id"":1","Name:""php""}]"
714,Bhone,1/1/2000,2/1/2021,110.5,1,"[{""id"":1","Name:""php""}]"
715,Bhone,1/1/2000,2/1/2021,110.5,1,"[{""id"":1","Name:""php""}]"
716,Bhone,1/1/2000,2/1/2021,110.5,1,"[{""id"":1","Name:""php""}]"
717,Bhone,1/1/2000,2/1/2021,110.5,1,"[{""id"":1","Name:""php""}]"
718,Bhone,1/1/2000,2/1/2021,110.5,1,"[{""id"":1","Name:""php""}]"
719,Bhone,1/1/2000,2/1/2021,110.5,1,"[{""id"":1","Name:""php""}]"
720,Bhone,1/1/2000,2/1/2021,110.5,1,"[{""id"":1","Name:""php""}]"
721,Bhone,1/1/2000,2/1/2021,110.5,1,"[{""id"":1","Name:""php""}]"
722,Bhone,1/1/2000,2/1/2021,110.5,1,"[{""id"":1","Name:""php""}]"
723,Bhone,1/1/2000,2/1/2021,110.5,1,"[{""id"":1","Name:""php""}]"
724,Bhone,1/1/2000,2/1/2021,110.5,1,"[{""id"":1","Name:""php""}]"
725,Bhone,1/1/2000,2/1/2021,110.5,1,"[{""id"":1","Name:""php""}]"
726,Bhone,1/1/2000,2/1/2021,110.5,1,"[{""id"":1","Name:""php""}]"
727,Bhone,1/1/2000,2/1/2021,110.5,1,"[{""id"":1","Name:""php""}]"
728,Bhone,1/1/2000,2/1/2021,110.5,1,"[{""id"":1","Name:""php""}]"
729,Bhone,1/1/2000,2/1/2021,110.5,1,"[{""id"":1","Name:""php""}]"
730,Bhone,1/1/2000,2/1/2021,110.5,1,"[{""id"":1","Name:""php""}]"
731,Bhone,1/1/2000,2/1/2021,110.5,1,"[{""id"":1","Name:""php""}]"
732,Bhone,1/1/2000,2/1/2021,110.5,1,"[{""id"":1","Name:""php""}]"
733,Bhone,1/1/2000,2/1/2021,110.5,1,"[{""id"":1","Name:""php""}]"
734,Bhone,1/1/2000,2/1/2021,110.5,1,"[{""id"":1","Name:""php""}]"
735,Bhone,1/1/2000,2/1/2021,110.5,1,"[{""id"":1","Name:""php""}]"
736,Bhone,1/1/2000,2/1/2021,110.5,1,"[{""id"":1","Name:""php""}]"
737,Bhone,1/1/2000,2/1/2021,110.5,1,"[{""id"":1","Name:""php""}]"
738,Bhone,1/1/2000,2/1/2021,110.5,1,"[{""id"":1","Name:""php""}]"
739,Bhone,1/1/2000,2/1/2021,110.5,1,"[{""id"":1","Name:""php""}]"
740,Bhone,1/1/2000,2/1/2021,110.5,1,"[{""id"":1","Name:""php""}]"
741,Bhone,1/1/2000,2/1/2021,110.5,1,"[{""id"":1","Name:""php""}]"
742,Bhone,1/1/2000,2/1/2021,110.5,1,"[{""id"":1","Name:""php""}]"
743,Bhone,1/1/2000,2/1/2021,110.5,1,"[{""id"":1","Name:""php""}]"
744,Bhone,1/1/2000,2/1/2021,110.5,1,"[{""id"":1","Name:""php""}]"
745,Bhone,1/1/2000,2/1/2021,110.5,1,"[{""id"":1","Name:""php""}]"
746,Bhone,1/1/2000,2/1/2021,110.5,1,"[{""id"":1","Name:""php""}]"
747,Bhone,1/1/2000,2/1/2021,110.5,1,"[{""id"":1","Name:""php""}]"
748,Bhone,1/1/2000,2/1/2021,110.5,1,"[{""id"":1","Name:""php""}]"
749,Bhone,1/1/2000,2/1/2021,110.5,1,"[{""id"":1","Name:""php""}]"
750,Bhone,1/1/2000,2/1/2021,110.5,1,"[{""id"":1","Name:""php""}]"
751,Bhone,1/1/2000,2/1/2021,110.5,1,"[{""id"":1","Name:""php""}]"
752,Bhone,1/1/2000,2/1/2021,110.5,1,"[{""id"":1","Name:""php""}]"
753,Bhone,1/1/2000,2/1/2021,110.5,1,"[{""id"":1","Name:""php""}]"
754,Bhone,1/1/2000,2/1/2021,110.5,1,"[{""id"":1","Name:""php""}]"
755,Bhone,1/1/2000,2/1/2021,110.5,1,"[{""id"":1","Name:""php""}]"
756,Bhone,1/1/2000,2/1/2021,110.5,1,"[{""id"":1","Name:""php""}]"
757,Bhone,1/1/2000,2/1/2021,110.5,1,"[{""id"":1","Name:""php""}]"
758,Bhone,1/1/2000,2/1/2021,110.5,1,"[{""id"":1","Name:""php""}]"
759,Bhone,1/1/2000,2/1/2021,110.5,1,"[{""id"":1","Name:""php""}]"
760,Bhone,1/1/2000,2/1/2021,110.5,1,"[{""id"":1","Name:""php""}]"
761,Bhone,1/1/2000,2/1/2021,110.5,1,"[{""id"":1","Name:""php""}]"
762,Bhone,1/1/2000,2/1/2021,110.5,1,"[{""id"":1","Name:""php""}]"
763,Bhone,1/1/2000,2/1/2021,110.5,1,"[{""id"":1","Name:""php""}]"
764,Bhone,1/1/2000,2/1/2021,110.5,1,"[{""id"":1","Name:""php""}]"
765,Bhone,1/1/2000,2/1/2021,110.5,1,"[{""id"":1","Name:""php""}]"
766,Bhone,1/1/2000,2/1/2021,110.5,1,"[{""id"":1","Name:""php""}]"
767,Bhone,1/1/2000,2/1/2021,110.5,1,"[{""id"":1","Name:""php""}]"
768,Bhone,1/1/2000,2/1/2021,110.5,1,"[{""id"":1","Name:""php""}]"
769,Bhone,1/1/2000,2/1/2021,110.5,1,"[{""id"":1","Name:""php""}]"
770,Bhone,1/1/2000,2/1/2021,110.5,1,"[{""id"":1","Name:""php""}]"
771,Bhone,1/1/2000,2/1/2021,110.5,1,"[{""id"":1","Name:""php""}]"
772,Bhone,1/1/2000,2/1/2021,110.5,1,"[{""id"":1","Name:""php""}]"
773,Bhone,1/1/2000,2/1/2021,110.5,1,"[{""id"":1","Name:""php""}]"
774,Bhone,1/1/2000,2/1/2021,110.5,1,"[{""id"":1","Name:""php""}]"
775,Bhone,1/1/2000,2/1/2021,110.5,1,"[{""id"":1","Name:""php""}]"
776,Bhone,1/1/2000,2/1/2021,110.5,1,"[{""id"":1","Name:""php""}]"
777,Bhone,1/1/2000,2/1/2021,110.5,1,"[{""id"":1","Name:""php""}]"
778,Bhone,1/1/2000,2/1/2021,110.5,1,"[{""id"":1","Name:""php""}]"
779,Bhone,1/1/2000,2/1/2021,110.5,1,"[{""id"":1","Name:""php""}]"
780,Bhone,1/1/2000,2/1/2021,110.5,1,"[{""id"":1","Name:""php""}]"
781,Bhone,1/1/2000,2/1/2021,110.5,1,"[{""id"":1","Name:""php""}]"
782,Bhone,1/1/2000,2/1/2021,110.5,1,"[{""id"":1","Name:""php""}]"
783,Bhone,1/1/2000,2/1/2021,110.5,1,"[{""id"":1","Name:""php""}]"
784,Bhone,1/1/2000,2/1/2021,110.5,1,"[{""id"":1","Name:""php""}]"
785,Bhone,1/1/2000,2/1/2021,110.5,1,"[{""id"":1","Name:""php""}]"
786,Bhone,1/1/2000,2/1/2021,110.5,1,"[{""id"":1","Name:""php""}]"
787,Bhone,1/1/2000,2/1/2021,110.5,1,"[{""id"":1","Name:""php""}]"
788,Bhone,1/1/2000,2/1/2021,110.5,1,"[{""id"":1","Name:""php""}]"
789,Bhone,1/1/2000,2/1/2021,110.5,1,"[{""id"":1","Name:""php""}]"
790,Bhone,1/1/2000,2/1/2021,110.5,1,"[{""id"":1","Name:""php""}]"
791,Bhone,1/1/2000,2/1/2021,110.5,1,"[{""id"":1","Name:""php""}]"
792,Bhone,1/1/2000,2/1/2021,110.5,1,"[{""id"":1","Name:""php""}]"
793,Bhone,1/1/2000,2/1/2021,110.5,1,"[{""id"":1","Name:""php""}]"
794,Bhone,1/1/2000,2/1/2021,110.5,1,"[{""id"":1","Name:""php""}]"
795,Bhone,1/1/2000,2/1/2021,110.5,1,"[{""id"":1","Name:""php""}]"
796,Bhone,1/1/2000,2/1/2021,110.5,1,"[{""id"":1","Name:""php""}]"
797,Bhone,1/1/2000,2/1/2021,110.5,1,"[{""id"":1","Name:""php""}]"
798,Bhone,1/1/2000,2/1/2021,110.5,1,"[{""id"":1","Name:""php""}]"
799,Bhone,1/1/2000,2/1/2021,110.5,1,"[{""id"":1","Name:""php""}]"
800,Bhone,1/1/2000,2/1/2021,110.5,1,"[{""id"":1","Name:""php""}]"
801,Bhone,1/1/2000,2/1/2021,110.5,1,"[{""id"":1","Name:""php""}]"
802,Bhone,1/1/2000,2/1/2021,110.5,1,"[{""id"":1","Name:""php""}]"
803,Bhone,1/1/2000,2/1/2021,110.5,1,"[{""id"":1","Name:""php""}]"
804,Bhone,1/1/2000,2/1/2021,110.5,1,"[{""id"":1","Name:""php""}]"
805,Bhone,1/1/2000,2/1/2021,110.5,1,"[{""id"":1","Name:""php""}]"
806,Bhone,1/1/2000,2/1/2021,110.5,1,"[{""id"":1","Name:""php""}]"
807,Bhone,1/1/2000,2/1/2021,110.5,1,"[{""id"":1","Name:""php""}]"
808,Bhone,1/1/2000,2/1/2021,110.5,1,"[{""id"":1","Name:""php""}]"
809,Bhone,1/1/2000,2/1/2021,110.5,1,"[{""id"":1","Name:""php""}]"
810,Bhone,1/1/2000,2/1/2021,110.5,1,"[{""id"":1","Name:""php""}]"
811,Bhone,1/1/2000,2/1/2021,110.5,1,"[{""id"":1","Name:""php""}]"
812,Bhone,1/1/2000,2/1/2021,110.5,1,"[{""id"":1","Name:""php""}]"
813,Bhone,1/1/2000,2/1/2021,110.5,1,"[{""id"":1","Name:""php""}]"
814,Bhone,1/1/2000,2/1/2021,110.5,1,"[{""id"":1","Name:""php""}]"
815,Bhone,1/1/2000,2/1/2021,110.5,1,"[{""id"":1","Name:""php""}]"
816,Bhone,1/1/2000,2/1/2021,110.5,1,"[{""id"":1","Name:""php""}]"
817,Bhone,1/1/2000,2/1/2021,110.5,1,"[{""id"":1","Name:""php""}]"
818,Bhone,1/1/2000,2/1/2021,110.5,1,"[{""id"":1","Name:""php""}]"
819,Bhone,1/1/2000,2/1/2021,110.5,1,"[{""id"":1","Name:""php""}]"
820,Bhone,1/1/2000,2/1/2021,110.5,1,"[{""id"":1","Name:""php""}]"
821,Bhone,1/1/2000,2/1/2021,110.5,1,"[{""id"":1","Name:""php""}]"
822,Bhone,1/1/2000,2/1/2021,110.5,1,"[{""id"":1","Name:""php""}]"
823,Bhone,1/1/2000,2/1/2021,110.5,1,"[{""id"":1","Name:""php""}]"
824,Bhone,1/1/2000,2/1/2021,110.5,1,"[{""id"":1","Name:""php""}]"
825,Bhone,1/1/2000,2/1/2021,110.5,1,"[{""id"":1","Name:""php""}]"
826,Bhone,1/1/2000,2/1/2021,110.5,1,"[{""id"":1","Name:""php""}]"
827,Bhone,1/1/2000,2/1/2021,110.5,1,"[{""id"":1","Name:""php""}]"
828,Bhone,1/1/2000,2/1/2021,110.5,1,"[{""id"":1","Name:""php""}]"
829,Bhone,1/1/2000,2/1/2021,110.5,1,"[{""id"":1","Name:""php""}]"
830,Bhone,1/1/2000,2/1/2021,110.5,1,"[{""id"":1","Name:""php""}]"
831,Bhone,1/1/2000,2/1/2021,110.5,1,"[{""id"":1","Name:""php""}]"
832,Bhone,1/1/2000,2/1/2021,110.5,1,"[{""id"":1","Name:""php""}]"
833,Bhone,1/1/2000,2/1/2021,110.5,1,"[{""id"":1","Name:""php""}]"
834,Bhone,1/1/2000,2/1/2021,110.5,1,"[{""id"":1","Name:""php""}]"
835,Bhone,1/1/2000,2/1/2021,110.5,1,"[{""id"":1","Name:""php""}]"
836,Bhone,1/1/2000,2/1/2021,110.5,1,"[{""id"":1","Name:""php""}]"
837,Bhone,1/1/2000,2/1/2021,110.5,1,"[{""id"":1","Name:""php""}]"
838,Bhone,1/1/2000,2/1/2021,110.5,1,"[{""id"":1","Name:""php""}]"
839,Bhone,1/1/2000,2/1/2021,110.5,1,"[{""id"":1","Name:""php""}]"
840,Bhone,1/1/2000,2/1/2021,110.5,1,"[{""id"":1","Name:""php""}]"
841,Bhone,1/1/2000,2/1/2021,110.5,1,"[{""id"":1","Name:""php""}]"
842,Bhone,1/1/2000,2/1/2021,110.5,1,"[{""id"":1","Name:""php""}]"
843,Bhone,1/1/2000,2/1/2021,110.5,1,"[{""id"":1","Name:""php""}]"
844,Bhone,1/1/2000,2/1/2021,110.5,1,"[{""id"":1","Name:""php""}]"
845,Bhone,1/1/2000,2/1/2021,110.5,1,"[{""id"":1","Name:""php""}]"
846,Bhone,1/1/2000,2/1/2021,110.5,1,"[{""id"":1","Name:""php""}]"
847,Bhone,1/1/2000,2/1/2021,110.5,1,"[{""id"":1","Name:""php""}]"
848,Bhone,1/1/2000,2/1/2021,110.5,1,"[{""id"":1","Name:""php""}]"
849,Bhone,1/1/2000,2/1/2021,110.5,1,"[{""id"":1","Name:""php""}]"
850,Bhone,1/1/2000,2/1/2021,110.5,1,"[{""id"":1","Name:""php""}]"
851,Bhone,1/1/2000,2/1/2021,110.5,1,"[{""id"":1","Name:""php""}]"
852,Bhone,1/1/2000,2/1/2021,110.5,1,"[{""id"":1","Name:""php""}]"
853,Bhone,1/1/2000,2/1/2021,110.5,1,"[{""id"":1","Name:""php""}]"
854,Bhone,1/1/2000,2/1/2021,110.5,1,"[{""id"":1","Name:""php""}]"
855,Bhone,1/1/2000,2/1/2021,110.5,1,"[{""id"":1","Name:""php""}]"
856,Bhone,1/1/2000,2/1/2021,110.5,1,"[{""id"":1","Name:""php""}]"
857,Bhone,1/1/2000,2/1/2021,110.5,1,"[{""id"":1","Name:""php""}]"
858,Bhone,1/1/2000,2/1/2021,110.5,1,"[{""id"":1","Name:""php""}]"
859,Bhone,1/1/2000,2/1/2021,110.5,1,"[{""id"":1","Name:""php""}]"
860,Bhone,1/1/2000,2/1/2021,110.5,1,"[{""id"":1","Name:""php""}]"
861,Bhone,1/1/2000,2/1/2021,110.5,1,"[{""id"":1","Name:""php""}]"
862,Bhone,1/1/2000,2/1/2021,110.5,1,"[{""id"":1","Name:""php""}]"
863,Bhone,1/1/2000,2/1/2021,110.5,1,"[{""id"":1","Name:""php""}]"
864,Bhone,1/1/2000,2/1/2021,110.5,1,"[{""id"":1","Name:""php""}]"
865,Bhone,1/1/2000,2/1/2021,110.5,1,"[{""id"":1","Name:""php""}]"
866,Bhone,1/1/2000,2/1/2021,110.5,1,"[{""id"":1","Name:""php""}]"
867,Bhone,1/1/2000,2/1/2021,110.5,1,"[{""id"":1","Name:""php""}]"
868,Bhone,1/1/2000,2/1/2021,110.5,1,"[{""id"":1","Name:""php""}]"
869,Bhone,1/1/2000,2/1/2021,110.5,1,"[{""id"":1","Name:""php""}]"
870,Bhone,1/1/2000,2/1/2021,110.5,1,"[{""id"":1","Name:""php""}]"
871,Bhone,1/1/2000,2/1/2021,110.5,1,"[{""id"":1","Name:""php""}]"
872,Bhone,1/1/2000,2/1/2021,110.5,1,"[{""id"":1","Name:""php""}]"
873,Bhone,1/1/2000,2/1/2021,110.5,1,"[{""id"":1","Name:""php""}]"
874,Bhone,1/1/2000,2/1/2021,110.5,1,"[{""id"":1","Name:""php""}]"
875,Bhone,1/1/2000,2/1/2021,110.5,1,"[{""id"":1","Name:""php""}]"
876,Bhone,1/1/2000,2/1/2021,110.5,1,"[{""id"":1","Name:""php""}]"
877,Bhone,1/1/2000,2/1/2021,110.5,1,"[{""id"":1","Name:""php""}]"
878,Bhone,1/1/2000,2/1/2021,110.5,1,"[{""id"":1","Name:""php""}]"
879,Bhone,1/1/2000,2/1/2021,110.5,1,"[{""id"":1","Name:""php""}]"
880,Bhone,1/1/2000,2/1/2021,110.5,1,"[{""id"":1","Name:""php""}]"
881,Bhone,1/1/2000,2/1/2021,110.5,1,"[{""id"":1","Name:""php""}]"
882,Bhone,1/1/2000,2/1/2021,110.5,1,"[{""id"":1","Name:""php""}]"
883,Bhone,1/1/2000,2/1/2021,110.5,1,"[{""id"":1","Name:""php""}]"
884,Bhone,1/1/2000,2/1/2021,110.5,1,"[{""id"":1","Name:""php""}]"
885,Bhone,1/1/2000,2/1/2021,110.5,1,"[{""id"":1","Name:""php""}]"
886,Bhone,1/1/2000,2/1/2021,110.5,1,"[{""id"":1","Name:""php""}]"
887,Bhone,1/1/2000,2/1/2021,110.5,1,"[{""id"":1","Name:""php""}]"
888,Bhone,1/1/2000,2/1/2021,110.5,1,"[{""id"":1","Name:""php""}]"
889,Bhone,1/1/2000,2/1/2021,110.5,1,"[{""id"":1","Name:""php""}]"
890,Bhone,1/1/2000,2/1/2021,110.5,1,"[{""id"":1","Name:""php""}]"
891,Bhone,1/1/2000,2/1/2021,110.5,1,"[{""id"":1","Name:""php""}]"
892,Bhone,1/1/2000,2/1/2021,110.5,1,"[{""id"":1","Name:""php""}]"
893,Bhone,1/1/2000,2/1/2021,110.5,1,"[{""id"":1","Name:""php""}]"
894,Bhone,1/1/2000,2/1/2021,110.5,1,"[{""id"":1","Name:""php""}]"
895,Bhone,1/1/2000,2/1/2021,110.5,1,"[{""id"":1","Name:""php""}]"
896,Bhone,1/1/2000,2/1/2021,110.5,1,"[{""id"":1","Name:""php""}]"
897,Bhone,1/1/2000,2/1/2021,110.5,1,"[{""id"":1","Name:""php""}]"
898,Bhone,1/1/2000,2/1/2021,110.5,1,"[{""id"":1","Name:""php""}]"
899,Bhone,1/1/2000,2/1/2021,110.5,1,"[{""id"":1","Name:""php""}]"
900,Bhone,1/1/2000,2/1/2021,110.5,1,"[{""id"":1","Name:""php""}]"
901,Bhone,1/1/2000,2/1/2021,110.5,1,"[{""id"":1","Name:""php""}]"
902,Bhone,1/1/2000,2/1/2021,110.5,1,"[{""id"":1","Name:""php""}]"
903,Bhone,1/1/2000,2/1/2021,110.5,1,"[{""id"":1","Name:""php""}]"
904,Bhone,1/1/2000,2/1/2021,110.5,1,"[{""id"":1","Name:""php""}]"
905,Bhone,1/1/2000,2/1/2021,110.5,1,"[{""id"":1","Name:""php""}]"
906,Bhone,1/1/2000,2/1/2021,110.5,1,"[{""id"":1","Name:""php""}]"
907,Bhone,1/1/2000,2/1/2021,110.5,1,"[{""id"":1","Name:""php""}]"
908,Bhone,1/1/2000,2/1/2021,110.5,1,"[{""id"":1","Name:""php""}]"
909,Bhone,1/1/2000,2/1/2021,110.5,1,"[{""id"":1","Name:""php""}]"
910,Bhone,1/1/2000,2/1/2021,110.5,1,"[{""id"":1","Name:""php""}]"
911,Bhone,1/1/2000,2/1/2021,110.5,1,"[{""id"":1","Name:""php""}]"
912,Bhone,1/1/2000,2/1/2021,110.5,1,"[{""id"":1","Name:""php""}]"
913,Bhone,1/1/2000,2/1/2021,110.5,1,"[{""id"":1","Name:""php""}]"
914,Bhone,1/1/2000,2/1/2021,110.5,1,"[{""id"":1","Name:""php""}]"
915,Bhone,1/1/2000,2/1/2021,110.5,1,"[{""id"":1","Name:""php""}]"
916,Bhone,1/1/2000,2/1/2021,110.5,1,"[{""id"":1","Name:""php""}]"
917,Bhone,1/1/2000,2/1/2021,110.5,1,"[{""id"":1","Name:""php""}]"
918,Bhone,1/1/2000,2/1/2021,110.5,1,"[{""id"":1","Name:""php""}]"
919,Bhone,1/1/2000,2/1/2021,110.5,1,"[{""id"":1","Name:""php""}]"
920,Bhone,1/1/2000,2/1/2021,110.5,1,"[{""id"":1","Name:""php""}]"
921,Bhone,1/1/2000,2/1/2021,110.5,1,"[{""id"":1","Name:""php""}]"
922,Bhone,1/1/2000,2/1/2021,110.5,1,"[{""id"":1","Name:""php""}]"
923,Bhone,1/1/2000,2/1/2021,110.5,1,"[{""id"":1","Name:""php""}]"
924,Bhone,1/1/2000,2/1/2021,110.5,1,"[{""id"":1","Name:""php""}]"
925,Bhone,1/1/2000,2/1/2021,110.5,1,"[{""id"":1","Name:""php""}]"
926,Bhone,1/1/2000,2/1/2021,110.5,1,"[{""id"":1","Name:""php""}]"
927,Bhone,1/1/2000,2/1/2021,110.5,1,"[{""id"":1","Name:""php""}]"
928,Bhone,1/1/2000,2/1/2021,110.5,1,"[{""id"":1","Name:""php""}]"
929,Bhone,1/1/2000,2/1/2021,110.5,1,"[{""id"":1","Name:""php""}]"
930,Bhone,1/1/2000,2/1/2021,110.5,1,"[{""id"":1","Name:""php""}]"
931,Bhone,1/1/2000,2/1/2021,110.5,1,"[{""id"":1","Name:""php""}]"
932,Bhone,1/1/2000,2/1/2021,110.5,1,"[{""id"":1","Name:""php""}]"
933,Bhone,1/1/2000,2/1/2021,110.5,1,"[{""id"":1","Name:""php""}]"
934,Bhone,1/1/2000,2/1/2021,110.5,1,"[{""id"":1","Name:""php""}]"
935,Bhone,1/1/2000,2/1/2021,110.5,1,"[{""id"":1","Name:""php""}]"
936,Bhone,1/1/2000,2/1/2021,110.5,1,"[{""id"":1","Name:""php""}]"
937,Bhone,1/1/2000,2/1/2021,110.5,1,"[{""id"":1","Name:""php""}]"
938,Bhone,1/1/2000,2/1/2021,110.5,1,"[{""id"":1","Name:""php""}]"
939,Bhone,1/1/2000,2/1/2021,110.5,1,"[{""id"":1","Name:""php""}]"
940,Bhone,1/1/2000,2/1/2021,110.5,1,"[{""id"":1","Name:""php""}]"
941,Bhone,1/1/2000,2/1/2021,110.5,1,"[{""id"":1","Name:""php""}]"
942,Bhone,1/1/2000,2/1/2021,110.5,1,"[{""id"":1","Name:""php""}]"
943,Bhone,1/1/2000,2/1/2021,110.5,1,"[{""id"":1","Name:""php""}]"
944,Bhone,1/1/2000,2/1/2021,110.5,1,"[{""id"":1","Name:""php""}]"
945,Bhone,1/1/2000,2/1/2021,110.5,1,"[{""id"":1","Name:""php""}]"
946,Bhone,1/1/2000,2/1/2021,110.5,1,"[{""id"":1","Name:""php""}]"
947,Bhone,1/1/2000,2/1/2021,110.5,1,"[{""id"":1","Name:""php""}]"
948,Bhone,1/1/2000,2/1/2021,110.5,1,"[{""id"":1","Name:""php""}]"
949,Bhone,1/1/2000,2/1/2021,110.5,1,"[{""id"":1","Name:""php""}]"
950,Bhone,1/1/2000,2/1/2021,110.5,1,"[{""id"":1","Name:""php""}]"
951,Bhone,1/1/2000,2/1/2021,110.5,1,"[{""id"":1","Name:""php""}]"
952,Bhone,1/1/2000,2/1/2021,110.5,1,"[{""id"":1","Name:""php""}]"
953,Bhone,1/1/2000,2/1/2021,110.5,1,"[{""id"":1","Name:""php""}]"
954,Bhone,1/1/2000,2/1/2021,110.5,1,"[{""id"":1","Name:""php""}]"
955,Bhone,1/1/2000,2/1/2021,110.5,1,"[{""id"":1","Name:""php""}]"
956,Bhone,1/1/2000,2/1/2021,110.5,1,"[{""id"":1","Name:""php""}]"
957,Bhone,1/1/2000,2/1/2021,110.5,1,"[{""id"":1","Name:""php""}]"
958,Bhone,1/1/2000,2/1/2021,110.5,1,"[{""id"":1","Name:""php""}]"
959,Bhone,1/1/2000,2/1/2021,110.5,1,"[{""id"":1","Name:""php""}]"
960,Bhone,1/1/2000,2/1/2021,110.5,1,"[{""id"":1","Name:""php""}]"
961,Bhone,1/1/2000,2/1/2021,110.5,1,"[{""id"":1","Name:""php""}]"
962,Bhone,1/1/2000,2/1/2021,110.5,1,"[{""id"":1","Name:""php""}]"
963,Bhone,1/1/2000,2/1/2021,110.5,1,"[{""id"":1","Name:""php""}]"
964,Bhone,1/1/2000,2/1/2021,110.5,1,"[{""id"":1","Name:""php""}]"
965,Bhone,1/1/2000,2/1/2021,110.5,1,"[{""id"":1","Name:""php""}]"
966,Bhone,1/1/2000,2/1/2021,110.5,1,"[{""id"":1","Name:""php""}]"
967,Bhone,1/1/2000,2/1/2021,110.5,1,"[{""id"":1","Name:""php""}]"
968,Bhone,1/1/2000,2/1/2021,110.5,1,"[{""id"":1","Name:""php""}]"
969,Bhone,1/1/2000,2/1/2021,110.5,1,"[{""id"":1","Name:""php""}]"
970,Bhone,1/1/2000,2/1/2021,110.5,1,"[{""id"":1","Name:""php""}]"
971,Bhone,1/1/2000,2/1/2021,110.5,1,"[{""id"":1","Name:""php""}]"
972,Bhone,1/1/2000,2/1/2021,110.5,1,"[{""id"":1","Name:""php""}]"
973,Bhone,1/1/2000,2/1/2021,110.5,1,"[{""id"":1","Name:""php""}]"
974,Bhone,1/1/2000,2/1/2021,110.5,1,"[{""id"":1","Name:""php""}]"
975,Bhone,1/1/2000,2/1/2021,110.5,1,"[{""id"":1","Name:""php""}]"
976,Bhone,1/1/2000,2/1/2021,110.5,1,"[{""id"":1","Name:""php""}]"
977,Bhone,1/1/2000,2/1/2021,110.5,1,"[{""id"":1","Name:""php""}]"
978,Bhone,1/1/2000,2/1/2021,110.5,1,"[{""id"":1","Name:""php""}]"
979,Bhone,1/1/2000,2/1/2021,110.5,1,"[{""id"":1","Name:""php""}]"
980,Bhone,1/1/2000,2/1/2021,110.5,1,"[{""id"":1","Name:""php""}]"
981,Bhone,1/1/2000,2/1/2021,110.5,1,"[{""id"":1","Name:""php""}]"
982,Bhone,1/1/2000,2/1/2021,110.5,1,"[{""id"":1","Name:""php""}]"
983,Bhone,1/1/2000,2/1/2021,110.5,1,"[{""id"":1","Name:""php""}]"
984,Bhone,1/1/2000,2/1/2021,110.5,1,"[{""id"":1","Name:""php""}]"
985,Bhone,1/1/2000,2/1/2021,110.5,1,"[{""id"":1","Name:""php""}]"
986,Bhone,1/1/2000,2/1/2021,110.5,1,"[{""id"":1","Name:""php""}]"
987,Bhone,1/1/2000,2/1/2021,110.5,1,"[{""id"":1","Name:""php""}]"
988,Bhone,1/1/2000,2/1/2021,110.5,1,"[{""id"":1","Name:""php""}]"
989,Bhone,1/1/2000,2/1/2021,110.5,1,"[{""id"":1","Name:""php""}]"
990,Bhone,1/1/2000,2/1/2021,110.5,1,"[{""id"":1","Name:""php""}]"
991,Bhone,1/1/2000,2/1/2021,110.5,1,"[{""id"":1","Name:""php""}]"
992,Bhone,1/1/2000,2/1/2021,110.5,1,"[{""id"":1","Name:""php""}]"
993,Bhone,1/1/2000,2/1/2021,110.5,1,"[{""id"":1","Name:""php""}]"
994,Bhone,1/1/2000,2/1/2021,110.5,1,"[{""id"":1","Name:""php""}]"
995,Bhone,1/1/2000,2/1/2021,110.5,1,"[{""id"":1","Name:""php""}]"
996,Bhone,1/1/2000,2/1/2021,110.5,1,"[{""id"":1","Name:""php""}]"
997,Bhone,1/1/2000,2/1/2021,110.5,1,"[{""id"":1","Name:""php""}]"
998,Bhone,1/1/2000,2/1/2021,110.5,1,"[{""id"":1","Name:""php""}]"
999,Bhone,1/1/2000,2/1/2021,110.5,1,"[{""id"":1","Name:""php""}]"
1000,Bhone,1/1/2000,2/1/2021,110.5,1,"[{""id"":1","Name:""php""}]"
1001,Bhone,1/1/2000,2/1/2021,110.5,1,"[{""id"":1","Name:""php""}]"
1002,Bhone,1/1/2000,2/1/2021,110.5,1,"[{""id"":1","Name:""php""}]"
1003,Bhone,1/1/2000,2/1/2021,110.5,1,"[{""id"":1","Name:""php""}]"
1004,Bhone,1/1/2000,2/1/2021,110.5,1,"[{""id"":1","Name:""php""}]"
1005,Bhone,1/1/2000,2/1/2021,110.5,1,"[{""id"":1","Name:""php""}]"
1006,Bhone,1/1/2000,2/1/2021,110.5,1,"[{""id"":1","Name:""php""}]"
1007,Bhone,1/1/2000,2/1/2021,110.5,1,"[{""id"":1","Name:""php""}]"
1008,Bhone,1/1/2000,2/1/2021,110.5,1,"[{""id"":1","Name:""php""}]"
1009,Bhone,1/1/2000,2/1/2021,110.5,1,"[{""id"":1","Name:""php""}]"
1010,Bhone,1/1/2000,2/1/2021,110.5,1,"[{""id"":1","Name:""php""}]"
1011,Bhone,1/1/2000,2/1/2021,110.5,1,"[{""id"":1","Name:""php""}]"
1012,Bhone,1/1/2000,2/1/2021,110.5,1,"[{""id"":1","Name:""php""}]"
1013,Bhone,1/1/2000,2/1/2021,110.5,1,"[{""id"":1","Name:""php""}]"
1014,Bhone,1/1/2000,2/1/2021,110.5,1,"[{""id"":1","Name:""php""}]"
1015,Bhone,1/1/2000,2/1/2021,110.5,1,"[{""id"":1","Name:""php""}]"
1016,Bhone,1/1/2000,2/1/2021,110.5,1,"[{""id"":1","Name:""php""}]"
1017,Bhone,1/1/2000,2/1/2021,110.5,1,"[{""id"":1","Name:""php""}]"
1018,Bhone,1/1/2000,2/1/2021,110.5,1,"[{""id"":1","Name:""php""}]"
1019,Bhone,1/1/2000,2/1/2021,110.5,1,"[{""id"":1","Name:""php""}]"
1020,Bhone,1/1/2000,2/1/2021,110.5,1,"[{""id"":1","Name:""php""}]"
1021,Bhone,1/1/2000,2/1/2021,110.5,1,"[{""id"":1","Name:""php""}]"
1022,Bhone,1/1/2000,2/1/2021,110.5,1,"[{""id"":1","Name:""php""}]"
1023,Bhone,1/1/2000,2/1/2021,110.5,1,"[{""id"":1","Name:""php""}]"
1024,Bhone,1/1/2000,2/1/2021,110.5,1,"[{""id"":1","Name:""php""}]"
1025,Bhone,1/1/2000,2/1/2021,110.5,1,"[{""id"":1","Name:""php""}]"
1026,Bhone,1/1/2000,2/1/2021,110.5,1,"[{""id"":1","Name:""php""}]"
1027,Bhone,1/1/2000,2/1/2021,110.5,1,"[{""id"":1","Name:""php""}]"
1028,Bhone,1/1/2000,2/1/2021,110.5,1,"[{""id"":1","Name:""php""}]"
1029,Bhone,1/1/2000,2/1/2021,110.5,1,"[{""id"":1","Name:""php""}]"
1030,Bhone,1/1/2000,2/1/2021,110.5,1,"[{""id"":1","Name:""php""}]"
1031,Bhone,1/1/2000,2/1/2021,110.5,1,"[{""id"":1","Name:""php""}]"
1032,Bhone,1/1/2000,2/1/2021,110.5,1,"[{""id"":1","Name:""php""}]"
1033,Bhone,1/1/2000,2/1/2021,110.5,1,"[{""id"":1","Name:""php""}]"
1034,Bhone,1/1/2000,2/1/2021,110.5,1,"[{""id"":1","Name:""php""}]"
1035,Bhone,1/1/2000,2/1/2021,110.5,1,"[{""id"":1","Name:""php""}]"
1036,Bhone,1/1/2000,2/1/2021,110.5,1,"[{""id"":1","Name:""php""}]"
1037,Bhone,1/1/2000,2/1/2021,110.5,1,"[{""id"":1","Name:""php""}]"
1038,Bhone,1/1/2000,2/1/2021,110.5,1,"[{""id"":1","Name:""php""}]"
1039,Bhone,1/1/2000,2/1/2021,110.5,1,"[{""id"":1","Name:""php""}]"
1040,Bhone,1/1/2000,2/1/2021,110.5,1,"[{""id"":1","Name:""php""}]"
1041,Bhone,1/1/2000,2/1/2021,110.5,1,"[{""id"":1","Name:""php""}]"
1042,Bhone,1/1/2000,2/1/2021,110.5,1,"[{""id"":1","Name:""php""}]"
1043,Bhone,1/1/2000,2/1/2021,110.5,1,"[{""id"":1","Name:""php""}]"
1044,Bhone,1/1/2000,2/1/2021,110.5,1,"[{""id"":1","Name:""php""}]"
1045,Bhone,1/1/2000,2/1/2021,110.5,1,"[{""id"":1","Name:""php""}]"
1046,Bhone,1/1/2000,2/1/2021,110.5,1,"[{""id"":1","Name:""php""}]"
1047,Bhone,1/1/2000,2/1/2021,110.5,1,"[{""id"":1","Name:""php""}]"
1048,Bhone,1/1/2000,2/1/2021,110.5,1,"[{""id"":1","Name:""php""}]"
1049,Bhone,1/1/2000,2/1/2021,110.5,1,"[{""id"":1","Name:""php""}]"
1050,Bhone,1/1/2000,2/1/2021,110.5,1,"[{""id"":1","Name:""php""}]"
1051,Bhone,1/1/2000,2/1/2021,110.5,1,"[{""id"":1","Name:""php""}]"
1052,Bhone,1/1/2000,2/1/2021,110.5,1,"[{""id"":1","Name:""php""}]"
1053,Bhone,1/1/2000,2/1/2021,110.5,1,"[{""id"":1","Name:""php""}]"
1054,Bhone,1/1/2000,2/1/2021,110.5,1,"[{""id"":1","Name:""php""}]"
1055,Bhone,1/1/2000,2/1/2021,110.5,1,"[{""id"":1","Name:""php""}]"
1056,Bhone,1/1/2000,2/1/2021,110.5,1,"[{""id"":1","Name:""php""}]"
1057,Bhone,1/1/2000,2/1/2021,110.5,1,"[{""id"":1","Name:""php""}]"
1058,Bhone,1/1/2000,2/1/2021,110.5,1,"[{""id"":1","Name:""php""}]"
1059,Bhone,1/1/2000,2/1/2021,110.5,1,"[{""id"":1","Name:""php""}]"
1060,Bhone,1/1/2000,2/1/2021,110.5,1,"[{""id"":1","Name:""php""}]"
1061,Bhone,1/1/2000,2/1/2021,110.5,1,"[{""id"":1","Name:""php""}]"
1062,Bhone,1/1/2000,2/1/2021,110.5,1,"[{""id"":1","Name:""php""}]"
1063,Bhone,1/1/2000,2/1/2021,110.5,1,"[{""id"":1","Name:""php""}]"
1064,Bhone,1/1/2000,2/1/2021,110.5,1,"[{""id"":1","Name:""php""}]"
1065,Bhone,1/1/2000,2/1/2021,110.5,1,"[{""id"":1","Name:""php""}]"
1066,Bhone,1/1/2000,2/1/2021,110.5,1,"[{""id"":1","Name:""php""}]"
1067,Bhone,1/1/2000,2/1/2021,110.5,1,"[{""id"":1","Name:""php""}]"
1068,Bhone,1/1/2000,2/1/2021,110.5,1,"[{""id"":1","Name:""php""}]"
1069,Bhone,1/1/2000,2/1/2021,110.5,1,"[{""id"":1","Name:""php""}]"
1070,Bhone,1/1/2000,2/1/2021,110.5,1,"[{""id"":1","Name:""php""}]"
1071,Bhone,1/1/2000,2/1/2021,110.5,1,"[{""id"":1","Name:""php""}]"
1072,Bhone,1/1/2000,2/1/2021,110.5,1,"[{""id"":1","Name:""php""}]"
1073,Bhone,1/1/2000,2/1/2021,110.5,1,"[{""id"":1","Name:""php""}]"
1074,Bhone,1/1/2000,2/1/2021,110.5,1,"[{""id"":1","Name:""php""}]"
1075,Bhone,1/1/2000,2/1/2021,110.5,1,"[{""id"":1","Name:""php""}]"
1076,Bhone,1/1/2000,2/1/2021,110.5,1,"[{""id"":1","Name:""php""}]"
1077,Bhone,1/1/2000,2/1/2021,110.5,1,"[{""id"":1","Name:""php""}]"
1078,Bhone,1/1/2000,2/1/2021,110.5,1,"[{""id"":1","Name:""php""}]"
1079,Bhone,1/1/2000,2/1/2021,110.5,1,"[{""id"":1","Name:""php""}]"
1080,Bhone,1/1/2000,2/1/2021,110.5,1,"[{""id"":1","Name:""php""}]"
1081,Bhone,1/1/2000,2/1/2021,110.5,1,"[{""id"":1","Name:""php""}]"
1082,Bhone,1/1/2000,2/1/2021,110.5,1,"[{""id"":1","Name:""php""}]"
1083,Bhone,1/1/2000,2/1/2021,110.5,1,"[{""id"":1","Name:""php""}]"
1084,Bhone,1/1/2000,2/1/2021,110.5,1,"[{""id"":1","Name:""php""}]"
1085,Bhone,1/1/2000,2/1/2021,110.5,1,"[{""id"":1","Name:""php""}]"
1086,Bhone,1/1/2000,2/1/2021,110.5,1,"[{""id"":1","Name:""php""}]"
1087,Bhone,1/1/2000,2/1/2021,110.5,1,"[{""id"":1","Name:""php""}]"
1088,Bhone,1/1/2000,2/1/2021,110.5,1,"[{""id"":1","Name:""php""}]"
1089,Bhone,1/1/2000,2/1/2021,110.5,1,"[{""id"":1","Name:""php""}]"
1090,Bhone,1/1/2000,2/1/2021,110.5,1,"[{""id"":1","Name:""php""}]"
1091,Bhone,1/1/2000,2/1/2021,110.5,1,"[{""id"":1","Name:""php""}]"
1092,Bhone,1/1/2000,2/1/2021,110.5,1,"[{""id"":1","Name:""php""}]"
1093,Bhone,1/1/2000,2/1/2021,110.5,1,"[{""id"":1","Name:""php""}]"
1094,Bhone,1/1/2000,2/1/2021,110.5,1,"[{""id"":1","Name:""php""}]"
1095,Bhone,1/1/2000,2/1/2021,110.5,1,"[{""id"":1","Name:""php""}]"
1096,Bhone,1/1/2000,2/1/2021,110.5,1,"[{""id"":1","Name:""php""}]"
1097,Bhone,1/1/2000,2/1/2021,110.5,1,"[{""id"":1","Name:""php""}]"
1098,Bhone,1/1/2000,2/1/2021,110.5,1,"[{""id"":1","Name:""php""}]"
1099,Bhone,1/1/2000,2/1/2021,110.5,1,"[{""id"":1","Name:""php""}]"
1100,Bhone,1/1/2000,2/1/2021,110.5,1,"[{""id"":1","Name:""php""}]"
1101,Bhone,1/1/2000,2/1/2021,110.5,1,"[{""id"":1","Name:""php""}]"
1102,Bhone,1/1/2000,2/1/2021,110.5,1,"[{""id"":1","Name:""php""}]"
1103,Bhone,1/1/2000,2/1/2021,110.5,1,"[{""id"":1","Name:""php""}]"
1104,Bhone,1/1/2000,2/1/2021,110.5,1,"[{""id"":1","Name:""php""}]"
1105,Bhone,1/1/2000,2/1/2021,110.5,1,"[{""id"":1","Name:""php""}]"
1106,Bhone,1/1/2000,2/1/2021,110.5,1,"[{""id"":1","Name:""php""}]"
1107,Bhone,1/1/2000,2/1/2021,110.5,1,"[{""id"":1","Name:""php""}]"
1108,Bhone,1/1/2000,2/1/2021,110.5,1,"[{""id"":1","Name:""php""}]"
1109,Bhone,1/1/2000,2/1/2021,110.5,1,"[{""id"":1","Name:""php""}]"
1110,Bhone,1/1/2000,2/1/2021,110.5,1,"[{""id"":1","Name:""php""}]"
1111,Bhone,1/1/2000,2/1/2021,110.5,1,"[{""id"":1","Name:""php""}]"
1112,Bhone,1/1/2000,2/1/2021,110.5,1,"[{""id"":1","Name:""php""}]"
1113,Bhone,1/1/2000,2/1/2021,110.5,1,"[{""id"":1","Name:""php""}]"
1114,Bhone,1/1/2000,2/1/2021,110.5,1,"[{""id"":1","Name:""php""}]"
1115,Bhone,1/1/2000,2/1/2021,110.5,1,"[{""id"":1","Name:""php""}]"
1116,Bhone,1/1/2000,2/1/2021,110.5,1,"[{""id"":1","Name:""php""}]"
1117,Bhone,1/1/2000,2/1/2021,110.5,1,"[{""id"":1","Name:""php""}]"
1118,Bhone,1/1/2000,2/1/2021,110.5,1,"[{""id"":1","Name:""php""}]"
1119,Bhone,1/1/2000,2/1/2021,110.5,1,"[{""id"":1","Name:""php""}]"
1120,Bhone,1/1/2000,2/1/2021,110.5,1,"[{""id"":1","Name:""php""}]"
1121,Bhone,1/1/2000,2/1/2021,110.5,1,"[{""id"":1","Name:""php""}]"
1122,Bhone,1/1/2000,2/1/2021,110.5,1,"[{""id"":1","Name:""php""}]"
1123,Bhone,1/1/2000,2/1/2021,110.5,1,"[{""id"":1","Name:""php""}]"
1124,Bhone,1/1/2000,2/1/2021,110.5,1,"[{""id"":1","Name:""php""}]"
1125,Bhone,1/1/2000,2/1/2021,110.5,1,"[{""id"":1","Name:""php""}]"
1126,Bhone,1/1/2000,2/1/2021,110.5,1,"[{""id"":1","Name:""php""}]"
1127,Bhone,1/1/2000,2/1/2021,110.5,1,"[{""id"":1","Name:""php""}]"
1128,Bhone,1/1/2000,2/1/2021,110.5,1,"[{""id"":1","Name:""php""}]"
1129,Bhone,1/1/2000,2/1/2021,110.5,1,"[{""id"":1","Name:""php""}]"
1130,Bhone,1/1/2000,2/1/2021,110.5,1,"[{""id"":1","Name:""php""}]"
1131,Bhone,1/1/2000,2/1/2021,110.5,1,"[{""id"":1","Name:""php""}]"
1132,Bhone,1/1/2000,2/1/2021,110.5,1,"[{""id"":1","Name:""php""}]"
1133,Bhone,1/1/2000,2/1/2021,110.5,1,"[{""id"":1","Name:""php""}]"
1134,Bhone,1/1/2000,2/1/2021,110.5,1,"[{""id"":1","Name:""php""}]"
1135,Bhone,1/1/2000,2/1/2021,110.5,1,"[{""id"":1","Name:""php""}]"
1136,Bhone,1/1/2000,2/1/2021,110.5,1,"[{""id"":1","Name:""php""}]"
1137,Bhone,1/1/2000,2/1/2021,110.5,1,"[{""id"":1","Name:""php""}]"
1138,Bhone,1/1/2000,2/1/2021,110.5,1,"[{""id"":1","Name:""php""}]"
1139,Bhone,1/1/2000,2/1/2021,110.5,1,"[{""id"":1","Name:""php""}]"
1140,Bhone,1/1/2000,2/1/2021,110.5,1,"[{""id"":1","Name:""php""}]"
1141,Bhone,1/1/2000,2/1/2021,110.5,1,"[{""id"":1","Name:""php""}]"
1142,Bhone,1/1/2000,2/1/2021,110.5,1,"[{""id"":1","Name:""php""}]"
1143,Bhone,1/1/2000,2/1/2021,110.5,1,"[{""id"":1","Name:""php""}]"
1144,Bhone,1/1/2000,2/1/2021,110.5,1,"[{""id"":1","Name:""php""}]"
1145,Bhone,1/1/2000,2/1/2021,110.5,1,"[{""id"":1","Name:""php""}]"
1146,Bhone,1/1/2000,2/1/2021,110.5,1,"[{""id"":1","Name:""php""}]"
1147,Bhone,1/1/2000,2/1/2021,110.5,1,"[{""id"":1","Name:""php""}]"
1148,Bhone,1/1/2000,2/1/2021,110.5,1,"[{""id"":1","Name:""php""}]"
1149,Bhone,1/1/2000,2/1/2021,110.5,1,"[{""id"":1","Name:""php""}]"
1150,Bhone,1/1/2000,2/1/2021,110.5,1,"[{""id"":1","Name:""php""}]"
1151,Bhone,1/1/2000,2/1/2021,110.5,1,"[{""id"":1","Name:""php""}]"
1152,Bhone,1/1/2000,2/1/2021,110.5,1,"[{""id"":1","Name:""php""}]"
1153,Bhone,1/1/2000,2/1/2021,110.5,1,"[{""id"":1","Name:""php""}]"
1154,Bhone,1/1/2000,2/1/2021,110.5,1,"[{""id"":1","Name:""php""}]"
1155,Bhone,1/1/2000,2/1/2021,110.5,1,"[{""id"":1","Name:""php""}]"
1156,Bhone,1/1/2000,2/1/2021,110.5,1,"[{""id"":1","Name:""php""}]"
1157,Bhone,1/1/2000,2/1/2021,110.5,1,"[{""id"":1","Name:""php""}]"
1158,Bhone,1/1/2000,2/1/2021,110.5,1,"[{""id"":1","Name:""php""}]"
1159,Bhone,1/1/2000,2/1/2021,110.5,1,"[{""id"":1","Name:""php""}]"
1160,Bhone,1/1/2000,2/1/2021,110.5,1,"[{""id"":1","Name:""php""}]"
1161,Bhone,1/1/2000,2/1/2021,110.5,1,"[{""id"":1","Name:""php""}]"
1162,Bhone,1/1/2000,2/1/2021,110.5,1,"[{""id"":1","Name:""php""}]"
1163,Bhone,1/1/2000,2/1/2021,110.5,1,"[{""id"":1","Name:""php""}]"
1164,Bhone,1/1/2000,2/1/2021,110.5,1,"[{""id"":1","Name:""php""}]"
1165,Bhone,1/1/2000,2/1/2021,110.5,1,"[{""id"":1","Name:""php""}]"
1166,Bhone,1/1/2000,2/1/2021,110.5,1,"[{""id"":1","Name:""php""}]"
1167,Bhone,1/1/2000,2/1/2021,110.5,1,"[{""id"":1","Name:""php""}]"
1168,Bhone,1/1/2000,2/1/2021,110.5,1,"[{""id"":1","Name:""php""}]"
1169,Bhone,1/1/2000,2/1/2021,110.5,1,"[{""id"":1","Name:""php""}]"
1170,Bhone,1/1/2000,2/1/2021,110.5,1,"[{""id"":1","Name:""php""}]"
1171,Bhone,1/1/2000,2/1/2021,110.5,1,"[{""id"":1","Name:""php""}]"
1172,Bhone,1/1/2000,2/1/2021,110.5,1,"[{""id"":1","Name:""php""}]"
1173,Bhone,1/1/2000,2/1/2021,110.5,1,"[{""id"":1","Name:""php""}]"
1174,Bhone,1/1/2000,2/1/2021,110.5,1,"[{""id"":1","Name:""php""}]"
1175,Bhone,1/1/2000,2/1/2021,110.5,1,"[{""id"":1","Name:""php""}]"
1176,Bhone,1/1/2000,2/1/2021,110.5,1,"[{""id"":1","Name:""php""}]"
1177,Bhone,1/1/2000,2/1/2021,110.5,1,"[{""id"":1","Name:""php""}]"
1178,Bhone,1/1/2000,2/1/2021,110.5,1,"[{""id"":1","Name:""php""}]"
1179,Bhone,1/1/2000,2/1/2021,110.5,1,"[{""id"":1","Name:""php""}]"
1180,Bhone,1/1/2000,2/1/2021,110.5,1,"[{""id"":1","Name:""php""}]"
1181,Bhone,1/1/2000,2/1/2021,110.5,1,"[{""id"":1","Name:""php""}]"
1182,Bhone,1/1/2000,2/1/2021,110.5,1,"[{""id"":1","Name:""php""}]"
1183,Bhone,1/1/2000,2/1/2021,110.5,1,"[{""id"":1","Name:""php""}]"
1184,Bhone,1/1/2000,2/1/2021,110.5,1,"[{""id"":1","Name:""php""}]"
1185,Bhone,1/1/2000,2/1/2021,110.5,1,"[{""id"":1","Name:""php""}]"
1186,Bhone,1/1/2000,2/1/2021,110.5,1,"[{""id"":1","Name:""php""}]"
1187,Bhone,1/1/2000,2/1/2021,110.5,1,"[{""id"":1","Name:""php""}]"
1188,Bhone,1/1/2000,2/1/2021,110.5,1,"[{""id"":1","Name:""php""}]"
1189,Bhone,1/1/2000,2/1/2021,110.5,1,"[{""id"":1","Name:""php""}]"
1190,Bhone,1/1/2000,2/1/2021,110.5,1,"[{""id"":1","Name:""php""}]"
1191,Bhone,1/1/2000,2/1/2021,110.5,1,"[{""id"":1","Name:""php""}]"
1192,Bhone,1/1/2000,2/1/2021,110.5,1,"[{""id"":1","Name:""php""}]"
1193,Bhone,1/1/2000,2/1/2021,110.5,1,"[{""id"":1","Name:""php""}]"
1194,Bhone,1/1/2000,2/1/2021,110.5,1,"[{""id"":1","Name:""php""}]"
1195,Bhone,1/1/2000,2/1/2021,110.5,1,"[{""id"":1","Name:""php""}]"
1196,Bhone,1/1/2000,2/1/2021,110.5,1,"[{""id"":1","Name:""php""}]"
1197,Bhone,1/1/2000,2/1/2021,110.5,1,"[{""id"":1","Name:""php""}]"
1198,Bhone,1/1/2000,2/1/2021,110.5,1,"[{""id"":1","Name:""php""}]"
1199,Bhone,1/1/2000,2/1/2021,110.5,1,"[{""id"":1","Name:""php""}]"
1200,Bhone,1/1/2000,2/1/2021,110.5,1,"[{""id"":1","Name:""php""}]"
1201,Bhone,1/1/2000,2/1/2021,110.5,1,"[{""id"":1","Name:""php""}]"
1202,Bhone,1/1/2000,2/1/2021,110.5,1,"[{""id"":1","Name:""php""}]"
1203,Bhone,1/1/2000,2/1/2021,110.5,1,"[{""id"":1","Name:""php""}]"
1204,Bhone,1/1/2000,2/1/2021,110.5,1,"[{""id"":1","Name:""php""}]"
1205,Bhone,1/1/2000,2/1/2021,110.5,1,"[{""id"":1","Name:""php""}]"
1206,Bhone,1/1/2000,2/1/2021,110.5,1,"[{""id"":1","Name:""php""}]"
1207,Bhone,1/1/2000,2/1/2021,110.5,1,"[{""id"":1","Name:""php""}]"
1208,Bhone,1/1/2000,2/1/2021,110.5,1,"[{""id"":1","Name:""php""}]"
1209,Bhone,1/1/2000,2/1/2021,110.5,1,"[{""id"":1","Name:""php""}]"
1210,Bhone,1/1/2000,2/1/2021,110.5,1,"[{""id"":1","Name:""php""}]"
1211,Bhone,1/1/2000,2/1/2021,110.5,1,"[{""id"":1","Name:""php""}]"
1212,Bhone,1/1/2000,2/1/2021,110.5,1,"[{""id"":1","Name:""php""}]"
1213,Bhone,1/1/2000,2/1/2021,110.5,1,"[{""id"":1","Name:""php""}]"
1214,Bhone,1/1/2000,2/1/2021,110.5,1,"[{""id"":1","Name:""php""}]"
1215,Bhone,1/1/2000,2/1/2021,110.5,1,"[{""id"":1","Name:""php""}]"
1216,Bhone,1/1/2000,2/1/2021,110.5,1,"[{""id"":1","Name:""php""}]"
1217,Bhone,1/1/2000,2/1/2021,110.5,1,"[{""id"":1","Name:""php""}]"
1218,Bhone,1/1/2000,2/1/2021,110.5,1,"[{""id"":1","Name:""php""}]"
1219,Bhone,1/1/2000,2/1/2021,110.5,1,"[{""id"":1","Name:""php""}]"
1220,Bhone,1/1/2000,2/1/2021,110.5,1,"[{""id"":1","Name:""php""}]"
1221,Bhone,1/1/2000,2/1/2021,110.5,1,"[{""id"":1","Name:""php""}]"
1222,Bhone,1/1/2000,2/1/2021,110.5,1,"[{""id"":1","Name:""php""}]"
1223,Bhone,1/1/2000,2/1/2021,110.5,1,"[{""id"":1","Name:""php""}]"
1224,Bhone,1/1/2000,2/1/2021,110.5,1,"[{""id"":1","Name:""php""}]"
1225,Bhone,1/1/2000,2/1/2021,110.5,1,"[{""id"":1","Name:""php""}]"
1226,Bhone,1/1/2000,2/1/2021,110.5,1,"[{""id"":1","Name:""php""}]"
1227,Bhone,1/1/2000,2/1/2021,110.5,1,"[{""id"":1","Name:""php""}]"
1228,Bhone,1/1/2000,2/1/2021,110.5,1,"[{""id"":1","Name:""php""}]"
1229,Bhone,1/1/2000,2/1/2021,110.5,1,"[{""id"":1","Name:""php""}]"
1230,Bhone,1/1/2000,2/1/2021,110.5,1,"[{""id"":1","Name:""php""}]"
1231,Bhone,1/1/2000,2/1/2021,110.5,1,"[{""id"":1","Name:""php""}]"
1232,Bhone,1/1/2000,2/1/2021,110.5,1,"[{""id"":1","Name:""php""}]"
1233,Bhone,1/1/2000,2/1/2021,110.5,1,"[{""id"":1","Name:""php""}]"
1234,Bhone,1/1/2000,2/1/2021,110.5,1,"[{""id"":1","Name:""php""}]"
1235,Bhone,1/1/2000,2/1/2021,110.5,1,"[{""id"":1","Name:""php""}]"
1236,Bhone,1/1/2000,2/1/2021,110.5,1,"[{""id"":1","Name:""php""}]"
1237,Bhone,1/1/2000,2/1/2021,110.5,1,"[{""id"":1","Name:""php""}]"
1238,Bhone,1/1/2000,2/1/2021,110.5,1,"[{""id"":1","Name:""php""}]"
1239,Bhone,1/1/2000,2/1/2021,110.5,1,"[{""id"":1","Name:""php""}]"
1240,Bhone,1/1/2000,2/1/2021,110.5,1,"[{""id"":1","Name:""php""}]"
1241,Bhone,1/1/2000,2/1/2021,110.5,1,"[{""id"":1","Name:""php""}]"
1242,Bhone,1/1/2000,2/1/2021,110.5,1,"[{""id"":1","Name:""php""}]"
1243,Bhone,1/1/2000,2/1/2021,110.5,1,"[{""id"":1","Name:""php""}]"
1244,Bhone,1/1/2000,2/1/2021,110.5,1,"[{""id"":1","Name:""php""}]"
1245,Bhone,1/1/2000,2/1/2021,110.5,1,"[{""id"":1","Name:""php""}]"
1246,Bhone,1/1/2000,2/1/2021,110.5,1,"[{""id"":1","Name:""php""}]"
1247,Bhone,1/1/2000,2/1/2021,110.5,1,"[{""id"":1","Name:""php""}]"
1248,Bhone,1/1/2000,2/1/2021,110.5,1,"[{""id"":1","Name:""php""}]"
1249,Bhone,1/1/2000,2/1/2021,110.5,1,"[{""id"":1","Name:""php""}]"
1250,Bhone,1/1/2000,2/1/2021,110.5,1,"[{""id"":1","Name:""php""}]"
1251,Bhone,1/1/2000,2/1/2021,110.5,1,"[{""id"":1","Name:""php""}]"
1252,Bhone,1/1/2000,2/1/2021,110.5,1,"[{""id"":1","Name:""php""}]"
1253,Bhone,1/1/2000,2/1/2021,110.5,1,"[{""id"":1","Name:""php""}]"
1254,Bhone,1/1/2000,2/1/2021,110.5,1,"[{""id"":1","Name:""php""}]"
1255,Bhone,1/1/2000,2/1/2021,110.5,1,"[{""id"":1","Name:""php""}]"
1256,Bhone,1/1/2000,2/1/2021,110.5,1,"[{""id"":1","Name:""php""}]"
1257,Bhone,1/1/2000,2/1/2021,110.5,1,"[{""id"":1","Name:""php""}]"
1258,Bhone,1/1/2000,2/1/2021,110.5,1,"[{""id"":1","Name:""php""}]"
1259,Bhone,1/1/2000,2/1/2021,110.5,1,"[{""id"":1","Name:""php""}]"
1260,Bhone,1/1/2000,2/1/2021,110.5,1,"[{""id"":1","Name:""php""}]"
1261,Bhone,1/1/2000,2/1/2021,110.5,1,"[{""id"":1","Name:""php""}]"
1262,Bhone,1/1/2000,2/1/2021,110.5,1,"[{""id"":1","Name:""php""}]"
1263,Bhone,1/1/2000,2/1/2021,110.5,1,"[{""id"":1","Name:""php""}]"
1264,Bhone,1/1/2000,2/1/2021,110.5,1,"[{""id"":1","Name:""php""}]"
1265,Bhone,1/1/2000,2/1/2021,110.5,1,"[{""id"":1","Name:""php""}]"
1266,Bhone,1/1/2000,2/1/2021,110.5,1,"[{""id"":1","Name:""php""}]"
1267,Bhone,1/1/2000,2/1/2021,110.5,1,"[{""id"":1","Name:""php""}]"
1268,Bhone,1/1/2000,2/1/2021,110.5,1,"[{""id"":1","Name:""php""}]"
1269,Bhone,1/1/2000,2/1/2021,110.5,1,"[{""id"":1","Name:""php""}]"
1270,Bhone,1/1/2000,2/1/2021,110.5,1,"[{""id"":1","Name:""php""}]"
1271,Bhone,1/1/2000,2/1/2021,110.5,1,"[{""id"":1","Name:""php""}]"
1272,Bhone,1/1/2000,2/1/2021,110.5,1,"[{""id"":1","Name:""php""}]"
1273,Bhone,1/1/2000,2/1/2021,110.5,1,"[{""id"":1","Name:""php""}]"
1274,Bhone,1/1/2000,2/1/2021,110.5,1,"[{""id"":1","Name:""php""}]"
1275,Bhone,1/1/2000,2/1/2021,110.5,1,"[{""id"":1","Name:""php""}]"
1276,Bhone,1/1/2000,2/1/2021,110.5,1,"[{""id"":1","Name:""php""}]"
1277,Bhone,1/1/2000,2/1/2021,110.5,1,"[{""id"":1","Name:""php""}]"
1278,Bhone,1/1/2000,2/1/2021,110.5,1,"[{""id"":1","Name:""php""}]"
1279,Bhone,1/1/2000,2/1/2021,110.5,1,"[{""id"":1","Name:""php""}]"
1280,Bhone,1/1/2000,2/1/2021,110.5,1,"[{""id"":1","Name:""php""}]"
1281,Bhone,1/1/2000,2/1/2021,110.5,1,"[{""id"":1","Name:""php""}]"
1282,Bhone,1/1/2000,2/1/2021,110.5,1,"[{""id"":1","Name:""php""}]"
1283,Bhone,1/1/2000,2/1/2021,110.5,1,"[{""id"":1","Name:""php""}]"
1284,Bhone,1/1/2000,2/1/2021,110.5,1,"[{""id"":1","Name:""php""}]"
1285,Bhone,1/1/2000,2/1/2021,110.5,1,"[{""id"":1","Name:""php""}]"
1286,Bhone,1/1/2000,2/1/2021,110.5,1,"[{""id"":1","Name:""php""}]"
1287,Bhone,1/1/2000,2/1/2021,110.5,1,"[{""id"":1","Name:""php""}]"
1288,Bhone,1/1/2000,2/1/2021,110.5,1,"[{""id"":1","Name:""php""}]"
1289,Bhone,1/1/2000,2/1/2021,110.5,1,"[{""id"":1","Name:""php""}]"
1290,Bhone,1/1/2000,2/1/2021,110.5,1,"[{""id"":1","Name:""php""}]"
1291,Bhone,1/1/2000,2/1/2021,110.5,1,"[{""id"":1","Name:""php""}]"
1292,Bhone,1/1/2000,2/1/2021,110.5,1,"[{""id"":1","Name:""php""}]"
1293,Bhone,1/1/2000,2/1/2021,110.5,1,"[{""id"":1","Name:""php""}]"
1294,Bhone,1/1/2000,2/1/2021,110.5,1,"[{""id"":1","Name:""php""}]"
1295,Bhone,1/1/2000,2/1/2021,110.5,1,"[{""id"":1","Name:""php""}]"
1296,Bhone,1/1/2000,2/1/2021,110.5,1,"[{""id"":1","Name:""php""}]"
1297,Bhone,1/1/2000,2/1/2021,110.5,1,"[{""id"":1","Name:""php""}]"
1298,Bhone,1/1/2000,2/1/2021,110.5,1,"[{""id"":1","Name:""php""}]"
1299,Bhone,1/1/2000,2/1/2021,110.5,1,"[{""id"":1","Name:""php""}]"
1300,Bhone,1/1/2000,2/1/2021,110.5,1,"[{""id"":1","Name:""php""}]"
1301,Bhone,1/1/2000,2/1/2021,110.5,1,"[{""id"":1","Name:""php""}]"
1302,Bhone,1/1/2000,2/1/2021,110.5,1,"[{""id"":1","Name:""php""}]"
1303,Bhone,1/1/2000,2/1/2021,110.5,1,"[{""id"":1","Name:""php""}]"
1304,Bhone,1/1/2000,2/1/2021,110.5,1,"[{""id"":1","Name:""php""}]"
1305,Bhone,1/1/2000,2/1/2021,110.5,1,"[{""id"":1","Name:""php""}]"
1306,Bhone,1/1/2000,2/1/2021,110.5,1,"[{""id"":1","Name:""php""}]"
1307,Bhone,1/1/2000,2/1/2021,110.5,1,"[{""id"":1","Name:""php""}]"
1308,Bhone,1/1/2000,2/1/2021,110.5,1,"[{""id"":1","Name:""php""}]"
1309,Bhone,1/1/2000,2/1/2021,110.5,1,"[{""id"":1","Name:""php""}]"
1310,Bhone,1/1/2000,2/1/2021,110.5,1,"[{""id"":1","Name:""php""}]"
1311,Bhone,1/1/2000,2/1/2021,110.5,1,"[{""id"":1","Name:""php""}]"
1312,Bhone,1/1/2000,2/1/2021,110.5,1,"[{""id"":1","Name:""php""}]"
1313,Bhone,1/1/2000,2/1/2021,110.5,1,"[{""id"":1","Name:""php""}]"
1314,Bhone,1/1/2000,2/1/2021,110.5,1,"[{""id"":1","Name:""php""}]"
1315,Bhone,1/1/2000,2/1/2021,110.5,1,"[{""id"":1","Name:""php""}]"
1316,Bhone,1/1/2000,2/1/2021,110.5,1,"[{""id"":1","Name:""php""}]"
1317,Bhone,1/1/2000,2/1/2021,110.5,1,"[{""id"":1","Name:""php""}]"
1318,Bhone,1/1/2000,2/1/2021,110.5,1,"[{""id"":1","Name:""php""}]"
1319,Bhone,1/1/2000,2/1/2021,110.5,1,"[{""id"":1","Name:""php""}]"
1320,Bhone,1/1/2000,2/1/2021,110.5,1,"[{""id"":1","Name:""php""}]"
1321,Bhone,1/1/2000,2/1/2021,110.5,1,"[{""id"":1","Name:""php""}]"
1322,Bhone,1/1/2000,2/1/2021,110.5,1,"[{""id"":1","Name:""php""}]"
1323,Bhone,1/1/2000,2/1/2021,110.5,1,"[{""id"":1","Name:""php""}]"
1324,Bhone,1/1/2000,2/1/2021,110.5,1,"[{""id"":1","Name:""php""}]"
1325,Bhone,1/1/2000,2/1/2021,110.5,1,"[{""id"":1","Name:""php""}]"
1326,Bhone,1/1/2000,2/1/2021,110.5,1,"[{""id"":1","Name:""php""}]"
1327,Bhone,1/1/2000,2/1/2021,110.5,1,"[{""id"":1","Name:""php""}]"
1328,Bhone,1/1/2000,2/1/2021,110.5,1,"[{""id"":1","Name:""php""}]"
1329,Bhone,1/1/2000,2/1/2021,110.5,1,"[{""id"":1","Name:""php""}]"
1330,Bhone,1/1/2000,2/1/2021,110.5,1,"[{""id"":1","Name:""php""}]"
1331,Bhone,1/1/2000,2/1/2021,110.5,1,"[{""id"":1","Name:""php""}]"
1332,Bhone,1/1/2000,2/1/2021,110.5,1,"[{""id"":1","Name:""php""}]"
1333,Bhone,1/1/2000,2/1/2021,110.5,1,"[{""id"":1","Name:""php""}]"
1334,Bhone,1/1/2000,2/1/2021,110.5,1,"[{""id"":1","Name:""php""}]"
1335,Bhone,1/1/2000,2/1/2021,110.5,1,"[{""id"":1","Name:""php""}]"
1336,Bhone,1/1/2000,2/1/2021,110.5,1,"[{""id"":1","Name:""php""}]"
1337,Bhone,1/1/2000,2/1/2021,110.5,1,"[{""id"":1","Name:""php""}]"
1338,Bhone,1/1/2000,2/1/2021,110.5,1,"[{""id"":1","Name:""php""}]"
1339,Bhone,1/1/2000,2/1/2021,110.5,1,"[{""id"":1","Name:""php""}]"
1340,Bhone,1/1/2000,2/1/2021,110.5,1,"[{""id"":1","Name:""php""}]"
1341,Bhone,1/1/2000,2/1/2021,110.5,1,"[{""id"":1","Name:""php""}]"
1342,Bhone,1/1/2000,2/1/2021,110.5,1,"[{""id"":1","Name:""php""}]"
1343,Bhone,1/1/2000,2/1/2021,110.5,1,"[{""id"":1","Name:""php""}]"
1344,Bhone,1/1/2000,2/1/2021,110.5,1,"[{""id"":1","Name:""php""}]"
1345,Bhone,1/1/2000,2/1/2021,110.5,1,"[{""id"":1","Name:""php""}]"
1346,Bhone,1/1/2000,2/1/2021,110.5,1,"[{""id"":1","Name:""php""}]"
1347,Bhone,1/1/2000,2/1/2021,110.5,1,"[{""id"":1","Name:""php""}]"
1348,Bhone,1/1/2000,2/1/2021,110.5,1,"[{""id"":1","Name:""php""}]"
1349,Bhone,1/1/2000,2/1/2021,110.5,1,"[{""id"":1","Name:""php""}]"
1350,Bhone,1/1/2000,2/1/2021,110.5,1,"[{""id"":1","Name:""php""}]"
1351,Bhone,1/1/2000,2/1/2021,110.5,1,"[{""id"":1","Name:""php""}]"
1352,Bhone,1/1/2000,2/1/2021,110.5,1,"[{""id"":1","Name:""php""}]"
1353,Bhone,1/1/2000,2/1/2021,110.5,1,"[{""id"":1","Name:""php""}]"
1354,Bhone,1/1/2000,2/1/2021,110.5,1,"[{""id"":1","Name:""php""}]"
1355,Bhone,1/1/2000,2/1/2021,110.5,1,"[{""id"":1","Name:""php""}]"
1356,Bhone,1/1/2000,2/1/2021,110.5,1,"[{""id"":1","Name:""php""}]"
1357,Bhone,1/1/2000,2/1/2021,110.5,1,"[{""id"":1","Name:""php""}]"
1358,Bhone,1/1/2000,2/1/2021,110.5,1,"[{""id"":1","Name:""php""}]"
1359,Bhone,1/1/2000,2/1/2021,110.5,1,"[{""id"":1","Name:""php""}]"
1360,Bhone,1/1/2000,2/1/2021,110.5,1,"[{""id"":1","Name:""php""}]"
1361,Bhone,1/1/2000,2/1/2021,110.5,1,"[{""id"":1","Name:""php""}]"
1362,Bhone,1/1/2000,2/1/2021,110.5,1,"[{""id"":1","Name:""php""}]"
1363,Bhone,1/1/2000,2/1/2021,110.5,1,"[{""id"":1","Name:""php""}]"
1364,Bhone,1/1/2000,2/1/2021,110.5,1,"[{""id"":1","Name:""php""}]"
1365,Bhone,1/1/2000,2/1/2021,110.5,1,"[{""id"":1","Name:""php""}]"
1366,Bhone,1/1/2000,2/1/2021,110.5,1,"[{""id"":1","Name:""php""}]"
1367,Bhone,1/1/2000,2/1/2021,110.5,1,"[{""id"":1","Name:""php""}]"
1368,Bhone,1/1/2000,2/1/2021,110.5,1,"[{""id"":1","Name:""php""}]"
1369,Bhone,1/1/2000,2/1/2021,110.5,1,"[{""id"":1","Name:""php""}]"
1370,Bhone,1/1/2000,2/1/2021,110.5,1,"[{""id"":1","Name:""php""}]"
1371,Bhone,1/1/2000,2/1/2021,110.5,1,"[{""id"":1","Name:""php""}]"
1372,Bhone,1/1/2000,2/1/2021,110.5,1,"[{""id"":1","Name:""php""}]"
1373,Bhone,1/1/2000,2/1/2021,110.5,1,"[{""id"":1","Name:""php""}]"
1374,Bhone,1/1/2000,2/1/2021,110.5,1,"[{""id"":1","Name:""php""}]"
1375,Bhone,1/1/2000,2/1/2021,110.5,1,"[{""id"":1","Name:""php""}]"
1376,Bhone,1/1/2000,2/1/2021,110.5,1,"[{""id"":1","Name:""php""}]"
1377,Bhone,1/1/2000,2/1/2021,110.5,1,"[{""id"":1","Name:""php""}]"
1378,Bhone,1/1/2000,2/1/2021,110.5,1,"[{""id"":1","Name:""php""}]"
1379,Bhone,1/1/2000,2/1/2021,110.5,1,"[{""id"":1","Name:""php""}]"
1380,Bhone,1/1/2000,2/1/2021,110.5,1,"[{""id"":1","Name:""php""}]"
1381,Bhone,1/1/2000,2/1/2021,110.5,1,"[{""id"":1","Name:""php""}]"
1382,Bhone,1/1/2000,2/1/2021,110.5,1,"[{""id"":1","Name:""php""}]"
1383,Bhone,1/1/2000,2/1/2021,110.5,1,"[{""id"":1","Name:""php""}]"
1384,Bhone,1/1/2000,2/1/2021,110.5,1,"[{""id"":1","Name:""php""}]"
1385,Bhone,1/1/2000,2/1/2021,110.5,1,"[{""id"":1","Name:""php""}]"
1386,Bhone,1/1/2000,2/1/2021,110.5,1,"[{""id"":1","Name:""php""}]"
1387,Bhone,1/1/2000,2/1/2021,110.5,1,"[{""id"":1","Name:""php""}]"
1388,Bhone,1/1/2000,2/1/2021,110.5,1,"[{""id"":1","Name:""php""}]"
1389,Bhone,1/1/2000,2/1/2021,110.5,1,"[{""id"":1","Name:""php""}]"
1390,Bhone,1/1/2000,2/1/2021,110.5,1,"[{""id"":1","Name:""php""}]"
1391,Bhone,1/1/2000,2/1/2021,110.5,1,"[{""id"":1","Name:""php""}]"
1392,Bhone,1/1/2000,2/1/2021,110.5,1,"[{""id"":1","Name:""php""}]"
1393,Bhone,1/1/2000,2/1/2021,110.5,1,"[{""id"":1","Name:""php""}]"
1394,Bhone,1/1/2000,2/1/2021,110.5,1,"[{""id"":1","Name:""php""}]"
1395,Bhone,1/1/2000,2/1/2021,110.5,1,"[{""id"":1","Name:""php""}]"
1396,Bhone,1/1/2000,2/1/2021,110.5,1,"[{""id"":1","Name:""php""}]"
1397,Bhone,1/1/2000,2/1/2021,110.5,1,"[{""id"":1","Name:""php""}]"
1398,Bhone,1/1/2000,2/1/2021,110.5,1,"[{""id"":1","Name:""php""}]"
1399,Bhone,1/1/2000,2/1/2021,110.5,1,"[{""id"":1","Name:""php""}]"
1400,Bhone,1/1/2000,2/1/2021,110.5,1,"[{""id"":1","Name:""php""}]"
1401,Bhone,1/1/2000,2/1/2021,110.5,1,"[{""id"":1","Name:""php""}]"
1402,Bhone,1/1/2000,2/1/2021,110.5,1,"[{""id"":1","Name:""php""}]"
1403,Bhone,1/1/2000,2/1/2021,110.5,1,"[{""id"":1","Name:""php""}]"
1404,Bhone,1/1/2000,2/1/2021,110.5,1,"[{""id"":1","Name:""php""}]"
1405,Bhone,1/1/2000,2/1/2021,110.5,1,"[{""id"":1","Name:""php""}]"
1406,Bhone,1/1/2000,2/1/2021,110.5,1,"[{""id"":1","Name:""php""}]"
1407,Bhone,1/1/2000,2/1/2021,110.5,1,"[{""id"":1","Name:""php""}]"
1408,Bhone,1/1/2000,2/1/2021,110.5,1,"[{""id"":1","Name:""php""}]"
1409,Bhone,1/1/2000,2/1/2021,110.5,1,"[{""id"":1","Name:""php""}]"
1410,Bhone,1/1/2000,2/1/2021,110.5,1,"[{""id"":1","Name:""php""}]"
1411,Bhone,1/1/2000,2/1/2021,110.5,1,"[{""id"":1","Name:""php""}]"
1412,Bhone,1/1/2000,2/1/2021,110.5,1,"[{""id"":1","Name:""php""}]"
1413,Bhone,1/1/2000,2/1/2021,110.5,1,"[{""id"":1","Name:""php""}]"
1414,Bhone,1/1/2000,2/1/2021,110.5,1,"[{""id"":1","Name:""php""}]"
1415,Bhone,1/1/2000,2/1/2021,110.5,1,"[{""id"":1","Name:""php""}]"
1416,Bhone,1/1/2000,2/1/2021,110.5,1,"[{""id"":1","Name:""php""}]"
1417,Bhone,1/1/2000,2/1/2021,110.5,1,"[{""id"":1","Name:""php""}]"
1418,Bhone,1/1/2000,2/1/2021,110.5,1,"[{""id"":1","Name:""php""}]"
1419,Bhone,1/1/2000,2/1/2021,110.5,1,"[{""id"":1","Name:""php""}]"
1420,Bhone,1/1/2000,2/1/2021,110.5,1,"[{""id"":1","Name:""php""}]"
1421,Bhone,1/1/2000,2/1/2021,110.5,1,"[{""id"":1","Name:""php""}]"
1422,Bhone,1/1/2000,2/1/2021,110.5,1,"[{""id"":1","Name:""php""}]"
1423,Bhone,1/1/2000,2/1/2021,110.5,1,"[{""id"":1","Name:""php""}]"
1424,Bhone,1/1/2000,2/1/2021,110.5,1,"[{""id"":1","Name:""php""}]"
1425,Bhone,1/1/2000,2/1/2021,110.5,1,"[{""id"":1","Name:""php""}]"
1426,Bhone,1/1/2000,2/1/2021,110.5,1,"[{""id"":1","Name:""php""}]"
1427,Bhone,1/1/2000,2/1/2021,110.5,1,"[{""id"":1","Name:""php""}]"
1428,Bhone,1/1/2000,2/1/2021,110.5,1,"[{""id"":1","Name:""php""}]"
1429,Bhone,1/1/2000,2/1/2021,110.5,1,"[{""id"":1","Name:""php""}]"
1430,Bhone,1/1/2000,2/1/2021,110.5,1,"[{""id"":1","Name:""php""}]"
1431,Bhone,1/1/2000,2/1/2021,110.5,1,"[{""id"":1","Name:""php""}]"
1432,Bhone,1/1/2000,2/1/2021,110.5,1,"[{""id"":1","Name:""php""}]"
1433,Bhone,1/1/2000,2/1/2021,110.5,1,"[{""id"":1","Name:""php""}]"
1434,Bhone,1/1/2000,2/1/2021,110.5,1,"[{""id"":1","Name:""php""}]"
1435,Bhone,1/1/2000,2/1/2021,110.5,1,"[{""id"":1","Name:""php""}]"
1436,Bhone,1/1/2000,2/1/2021,110.5,1,"[{""id"":1","Name:""php""}]"
1437,Bhone,1/1/2000,2/1/2021,110.5,1,"[{""id"":1","Name:""php""}]"
1438,Bhone,1/1/2000,2/1/2021,110.5,1,"[{""id"":1","Name:""php""}]"
1439,Bhone,1/1/2000,2/1/2021,110.5,1,"[{""id"":1","Name:""php""}]"
1440,Bhone,1/1/2000,2/1/2021,110.5,1,"[{""id"":1","Name:""php""}]"
1441,Bhone,1/1/2000,2/1/2021,110.5,1,"[{""id"":1","Name:""php""}]"
1442,Bhone,1/1/2000,2/1/2021,110.5,1,"[{""id"":1","Name:""php""}]"
1443,Bhone,1/1/2000,2/1/2021,110.5,1,"[{""id"":1","Name:""php""}]"
1444,Bhone,1/1/2000,2/1/2021,110.5,1,"[{""id"":1","Name:""php""}]"
1445,Bhone,1/1/2000,2/1/2021,110.5,1,"[{""id"":1","Name:""php""}]"
1446,Bhone,1/1/2000,2/1/2021,110.5,1,"[{""id"":1","Name:""php""}]"
1447,Bhone,1/1/2000,2/1/2021,110.5,1,"[{""id"":1","Name:""php""}]"
1448,Bhone,1/1/2000,2/1/2021,110.5,1,"[{""id"":1","Name:""php""}]"
1449,Bhone,1/1/2000,2/1/2021,110.5,1,"[{""id"":1","Name:""php""}]"
1450,Bhone,1/1/2000,2/1/2021,110.5,1,"[{""id"":1","Name:""php""}]"
1451,Bhone,1/1/2000,2/1/2021,110.5,1,"[{""id"":1","Name:""php""}]"
1452,Bhone,1/1/2000,2/1/2021,110.5,1,"[{""id"":1","Name:""php""}]"
1453,Bhone,1/1/2000,2/1/2021,110.5,1,"[{""id"":1","Name:""php""}]"
1454,Bhone,1/1/2000,2/1/2021,110.5,1,"[{""id"":1","Name:""php""}]"
1455,Bhone,1/1/2000,2/1/2021,110.5,1,"[{""id"":1","Name:""php""}]"
1456,Bhone,1/1/2000,2/1/2021,110.5,1,"[{""id"":1","Name:""php""}]"
1457,Bhone,1/1/2000,2/1/2021,110.5,1,"[{""id"":1","Name:""php""}]"
1458,Bhone,1/1/2000,2/1/2021,110.5,1,"[{""id"":1","Name:""php""}]"
1459,Bhone,1/1/2000,2/1/2021,110.5,1,"[{""id"":1","Name:""php""}]"
1460,Bhone,1/1/2000,2/1/2021,110.5,1,"[{""id"":1","Name:""php""}]"
1461,Bhone,1/1/2000,2/1/2021,110.5,1,"[{""id"":1","Name:""php""}]"
1462,Bhone,1/1/2000,2/1/2021,110.5,1,"[{""id"":1","Name:""php""}]"
1463,Bhone,1/1/2000,2/1/2021,110.5,1,"[{""id"":1","Name:""php""}]"
1464,Bhone,1/1/2000,2/1/2021,110.5,1,"[{""id"":1","Name:""php""}]"
1465,Bhone,1/1/2000,2/1/2021,110.5,1,"[{""id"":1","Name:""php""}]"
1466,Bhone,1/1/2000,2/1/2021,110.5,1,"[{""id"":1","Name:""php""}]"
